name,advisorId,person1,person1Age,person2,person2Age,monthlySpendUsd,cashUsd,coreUsd,singleName,singleNameUsd,maxSingleNamePct,minLiquidityMonths,liquidityTargetMonths,longevityTargetUsd,legacyTargetUsd,lastContactDaysAgo,lastContactChannel,lastContactSummary,note,trustedContactOnFile,unusualDisbursement,newThirdPartyContact,concentration90,concentration60,concentration30,contactWindow
Adeyemi,adv-a,D. Adeyemi,77,D. Adeyemi,79,57000,1482000,13845840,,,25,24,24,17036457,4153752,226,Call,Review; nothing changed,Company is being acquired; the shares vest on close.,no,no,no,,,,Mornings
Bakshi,adv-b,T. Bakshi,49,L. Bakshi,47,14000,406000,3870482,Inherited utility holding,1317029,10,24,24,4834508,1161145,171,Email,Review; nothing changed,Company is being acquired; the shares vest on close.,yes,no,no,19,20.2,23.3,Mornings
Calloway,adv-c,K. Calloway,62,,,34000,136000,18423747,,,25,6,24,25405498,,157,Call,Review; nothing changed,Asked whether the cash could go somewhere that earns a little more.,yes,yes,no,,,,Weekday lunchtime
Delacroix,adv-a,W. Delacroix,30,F. Delacroix,30,4000,72000,1752657,,,25,6,24,2697759,,94,Email,Review; nothing changed,Daughter is getting married in the autumn; wants to help with the deposit on a flat.,yes,no,no,,,,Weekday lunchtime
Eriksson,adv-b,F. Eriksson,64,,,16000,112000,4194471,Employer stock,1322021,10,6,24,5812220,,35,Email,Review; nothing changed,Daughter is getting married in the autumn; wants to help with the deposit on a flat.,yes,no,no,17.1,18.1,20.3,After 6pm
Fontaine,adv-c,V. Fontaine,61,,,11000,429000,4327800,Inherited utility holding,2053660,25,18,24,6471685,,42,Call,Review; nothing changed,,yes,no,no,27.7,27.9,32.8,Weekday lunchtime
Galloway,adv-a,A. Galloway,34,,,26000,884000,16159242,Employer stock,16352130,10,12,12,17325448,,67,Call,Review; nothing changed,,yes,no,no,41.5,42.5,45.4,After 6pm
Haddad,adv-b,N. Haddad,74,K. Haddad,74,26000,572000,8207662,,,25,6,36,13067089,,140,Video,Review; nothing changed,,yes,no,no,,,,Weekday lunchtime
Ibarra,adv-c,S. Ibarra,70,,,73000,1460000,47065434,Founder shares,26523285,10,24,24,50670806,,110,Video,Review; nothing changed,Mentioned they are thinking about selling the second home next spring.,yes,yes,no,30.4,31.4,33.6,After 6pm
Jansen,adv-a,N. Jansen,51,P. Jansen,50,94000,2914000,27342333,,,25,6,24,31141253,8202700,205,Call,Review; nothing changed,,no,no,no,,,,Afternoons
Kowalczyk,adv-b,W. Kowalczyk,56,T. Kowalczyk,58,11000,275000,2928129,,,25,12,24,3188662,,206,Meeting,Review; nothing changed,,yes,no,no,,,,After 6pm
Lindqvist,adv-c,N. Lindqvist,55,F. Lindqvist,52,4000,96000,1103745,,,25,6,12,1662293,,40,Email,Review; nothing changed,,no,no,no,,,,Mornings
Moreau,adv-a,E. Moreau,74,,,39000,273000,15016419,Employer stock,11108612,10,18,18,15048815,4504926,157,Video,Review; nothing changed,Asked whether the cash could go somewhere that earns a little more.,yes,yes,no,39,39.5,42.3,Mornings
Nakamura,adv-b,G. Nakamura,78,L. Nakamura,79,7000,35000,2035532,,,25,6,24,2856263,,255,Video,Review; nothing changed,,yes,no,no,,,,Weekday lunchtime
Obi,adv-c,A. Obi,79,F. Obi,76,7000,0,2792681,Employer stock,1825105,20,6,36,3062705,837804,176,Video,Review; nothing changed,Asked whether the cash could go somewhere that earns a little more.,yes,no,no,34.4,36.6,37.9,After 6pm
Petrakis,adv-a,F. Petrakis,62,G. Petrakis,64,4000,144000,1359818,,,25,12,12,1693055,,144,Call,Review; nothing changed,,no,no,no,,,,Mornings
Quintero,adv-b,L. Quintero,58,G. Quintero,55,15000,345000,4376189,,,25,12,36,5436480,1312857,87,Meeting,Review; nothing changed,Moving to Lisbon for two years for work; unsure what that means for taxes.,yes,no,no,,,,Afternoons
Rasmussen,adv-c,M. Rasmussen,72,,,56000,1792000,18533900,Inherited utility holding,9162445,20,24,24,20319620,5560170,239,Meeting,Review; nothing changed,Wants to set something up for the grandchildren's school fees.,yes,no,no,26.1,28.4,31.3,Afternoons
Sorensen,adv-a,G. Sorensen,35,H. Sorensen,34,34000,544000,15363221,,,25,6,24,21713731,,43,Call,Review; nothing changed,Wants to set something up for the grandchildren's school fees.,no,no,no,,,,After 6pm
Takahashi,adv-b,C. Takahashi,32,R. Takahashi,31,9000,180000,3739815,,,25,6,36,5259244,,158,Call,Review; nothing changed,Mentioned they are thinking about selling the second home next spring.,no,no,no,,,,Mornings
Uzun,adv-c,E. Uzun,56,L. Uzun,58,7000,175000,2212471,,,25,18,24,2698271,,213,Video,Review; nothing changed,Moving to Lisbon for two years for work; unsure what that means for taxes.,yes,no,no,,,,Weekday lunchtime
Varga,adv-a,V. Varga,63,,,13000,39000,10466834,,,25,24,24,16473924,3140050,217,Email,Review; nothing changed,Asked whether the cash could go somewhere that earns a little more.,no,no,no,,,,Weekday lunchtime
Whitcombe,adv-b,D. Whitcombe,43,N. Whitcombe,44,19000,532000,5180550,Inherited utility holding,6533684,20,6,24,7865285,,232,Email,Review; nothing changed,Asked whether the cash could go somewhere that earns a little more.,yes,yes,no,50.6,50.7,56.3,Weekday lunchtime
Yilmaz,adv-c,F. Yilmaz,74,,,39000,819000,11264664,Founder shares,4675897,30,24,24,11440879,,210,Email,Review; nothing changed,Company is being acquired; the shares vest on close.,yes,no,no,24.6,27.1,29.4,Mornings
Zielinski,adv-a,J. Zielinski,65,D. Zielinski,62,224000,1568000,83138804,,,25,12,36,117910754,24941641,132,Meeting,Review; nothing changed,Mentioned they are thinking about selling the second home next spring.,yes,no,yes,,,,Weekday lunchtime
Anand,adv-b,W. Anand,34,,,6000,84000,2909377,,,25,6,24,4131626,,231,Meeting,Review; nothing changed,Company is being acquired; the shares vest on close.,no,no,no,,,,Mornings
Brennan,adv-c,L. Brennan,58,J. Brennan,57,11000,198000,3925258,Founder shares,1834334,20,24,36,4589783,,195,Call,Review; nothing changed,Company is being acquired; the shares vest on close.,no,no,no,24.5,25.7,27.3,Afternoons
Castillo,adv-a,T. Castillo,31,P. Castillo,30,19000,646000,9001108,,,25,24,24,11472217,,148,Email,Review; nothing changed,Mentioned they are thinking about selling the second home next spring.,yes,no,no,,,,Afternoons
Dubois,adv-b,D. Dubois,30,T. Dubois,27,9000,54000,5544641,Inherited utility holding,6939618,25,6,12,5971917,1663392,17,Video,Review; nothing changed,,yes,no,no,46.3,47.9,51.4,Weekday lunchtime
Engel,adv-c,J. Engel,57,,,9000,234000,2183684,,,25,6,12,2880913,,240,Video,Review; nothing changed,,yes,no,no,,,,Afternoons
Farrow,adv-a,D. Farrow,50,,,4000,144000,2454820,Legacy bank holding,404273,20,18,18,2645580,736446,255,Video,Review; nothing changed,,yes,no,no,9.7,11.3,12.6,Afternoons
Grieve,adv-b,M. Grieve,78,,,6000,6000,2788010,,,25,6,24,3124853,836403,255,Call,Review; nothing changed,Company is being acquired; the shares vest on close.,yes,no,no,,,,Afternoons
Holm,adv-c,T. Holm,62,J. Holm,60,12000,360000,4260221,Employer stock,2401111,10,12,36,5068098,,117,Meeting,Review; nothing changed,,no,no,no,30.3,32.3,35.5,Afternoons
Iversen,adv-a,F. Iversen,48,J. Iversen,47,4000,108000,1856102,,,25,18,18,2916009,,186,Meeting,Review; nothing changed,Received an inheritance from an aunt; roughly four hundred thousand.,yes,no,no,,,,Mornings
Jaffe,adv-b,L. Jaffe,43,K. Jaffe,42,48000,288000,38369307,,,25,6,24,44846916,,194,Video,Review; nothing changed,Daughter is getting married in the autumn; wants to help with the deposit on a flat.,no,no,no,,,,After 6pm
Kessler,adv-c,S. Kessler,40,,,303000,9090000,87399077,Legacy bank holding,65823627,20,24,24,104290645,26219723,142,Video,Review; nothing changed,Wants to set something up for the grandchildren's school fees.,no,no,no,37.8,39.1,41.7,Weekday lunchtime
Laurent,adv-a,W. Laurent,63,S. Laurent,64,42000,1302000,17759548,Employer stock,11617484,10,24,24,25772969,,191,Meeting,Review; nothing changed,Daughter is getting married in the autumn; wants to help with the deposit on a flat.,no,no,no,28.1,29.8,30.3,After 6pm
Mbeki,adv-b,A. Mbeki,77,,,63000,1512000,20497084,Inherited utility holding,5953141,20,12,36,25500813,,252,Email,Review; nothing changed,Company is being acquired; the shares vest on close.,yes,no,no,17.1,19.2,21.2,Afternoons
Novak,adv-c,D. Novak,69,T. Novak,70,88000,1760000,43007426,,,25,6,24,43577839,,247,Meeting,Review; nothing changed,,no,no,no,,,,After 6pm
Okoro,adv-a,K. Okoro,65,A. Okoro,64,47000,564000,14396652,,,25,12,36,20855358,4318996,162,Meeting,Review; nothing changed,Received an inheritance from an aunt; roughly four hundred thousand.,yes,no,no,,,,Weekday lunchtime
Adeyemi 2,adv-b,N. Adeyemi,31,,,231000,6930000,68055701,,,25,18,36,94570004,,45,Email,Review; nothing changed,Received an inheritance from an aunt; roughly four hundred thousand.,no,no,no,,,,Weekday lunchtime
Bakshi 2,adv-c,H. Bakshi,31,R. Bakshi,32,208000,2496000,86413168,,,25,18,36,120200097,25923950,45,Meeting,Review; nothing changed,Received an inheritance from an aunt; roughly four hundred thousand.,yes,no,no,,,,Weekday lunchtime
Calloway 2,adv-a,D. Calloway,38,S. Calloway,39,4000,4000,1050989,,,25,6,12,1639599,,223,Email,Review; nothing changed,Company is being acquired; the shares vest on close.,yes,no,no,,,,After 6pm
Delacroix 2,adv-b,C. Delacroix,30,W. Delacroix,28,6000,96000,1472766,Founder shares,1235453,20,12,36,1722407,441830,121,Email,Review; nothing changed,Company is being acquired; the shares vest on close.,yes,no,no,36.3,38.3,39.5,After 6pm
Eriksson 2,adv-c,N. Eriksson,72,,,73000,2628000,22849539,Founder shares,6552238,25,6,36,35125577,,237,Video,Review; nothing changed,Company is being acquired; the shares vest on close.,yes,no,no,12.8,13.5,18.5,Weekday lunchtime
Fontaine 2,adv-a,L. Fontaine,47,,,99000,3168000,25170617,Employer stock,45306536,30,6,24,28278090,,156,Meeting,Review; nothing changed,Company is being acquired; the shares vest on close.,no,no,no,57.6,59.7,61.7,Mornings
Galloway 2,adv-b,L. Galloway,68,,,4000,48000,2078865,,,25,18,18,3281263,,190,Meeting,Review; nothing changed,Asked whether the cash could go somewhere that earns a little more.,yes,no,yes,,,,Mornings
Haddad 2,adv-c,F. Haddad,67,,,48000,1344000,18566363,,,25,6,36,25022374,,145,Meeting,Review; nothing changed,Received an inheritance from an aunt; roughly four hundred thousand.,yes,no,no,,,,Weekday lunchtime
Ibarra 2,adv-a,N. Ibarra,55,,,5000,0,3534998,,,25,18,24,5258365,,200,Email,Review; nothing changed,Received an inheritance from an aunt; roughly four hundred thousand.,yes,no,no,,,,Afternoons
Jansen 2,adv-b,P. Jansen,77,,,258000,4128000,82543637,,,25,6,12,132060097,24763091,3,Meeting,Review; nothing changed,Asked whether the cash could go somewhere that earns a little more.,yes,no,no,,,,Mornings
Kowalczyk 2,adv-c,N. Kowalczyk,52,J. Kowalczyk,51,23000,92000,10866122,,,25,18,36,14109083,3259837,190,Call,Review; nothing changed,Received an inheritance from an aunt; roughly four hundred thousand.,yes,no,no,,,,Weekday lunchtime
Lindqvist 2,adv-a,M. Lindqvist,50,J. Lindqvist,47,29000,116000,13956920,Founder shares,13875332,20,12,12,17667540,,184,Email,Review; nothing changed,Moving to Lisbon for two years for work; unsure what that means for taxes.,no,yes,no,44.5,45,50.5,Weekday lunchtime
Moreau 2,adv-b,G. Moreau,62,E. Moreau,62,6000,132000,2038132,,,25,6,36,2404501,611440,234,Email,Review; nothing changed,Received an inheritance from an aunt; roughly four hundred thousand.,yes,no,no,,,,Weekday lunchtime
Nakamura 2,adv-c,L. Nakamura,63,,,4000,64000,1677269,,,25,12,12,2522403,,253,Meeting,Review; nothing changed,Asked whether the cash could go somewhere that earns a little more.,no,no,no,,,,Weekday lunchtime
Obi 2,adv-a,A. Obi,67,,,104000,3432000,44883303,Employer stock,7244824,10,6,24,55356952,,93,Meeting,Review; nothing changed,Company is being acquired; the shares vest on close.,no,no,no,7.8,10,11.7,After 6pm
Petrakis 2,adv-b,V. Petrakis,36,J. Petrakis,34,14000,518000,4133123,,,25,18,36,4457371,,222,Call,Review; nothing changed,Moving to Lisbon for two years for work; unsure what that means for taxes.,yes,no,no,,,,Afternoons
Quintero 2,adv-c,V. Quintero,69,R. Quintero,68,11000,308000,4218469,,,25,12,36,5506028,1265541,191,Video,Review; nothing changed,Wants to set something up for the grandchildren's school fees.,yes,no,no,,,,After 6pm
Rasmussen 2,adv-a,B. Rasmussen,33,R. Rasmussen,32,4000,8000,1012842,,,25,12,36,1109898,,71,Email,Review; nothing changed,Mentioned they are thinking about selling the second home next spring.,no,no,no,,,,Weekday lunchtime
Sorensen 2,adv-b,T. Sorensen,53,,,66000,264000,16877850,,,25,24,24,25227288,5063355,164,Call,Review; nothing changed,Daughter is getting married in the autumn; wants to help with the deposit on a flat.,yes,no,no,,,,Weekday lunchtime
Takahashi 2,adv-c,E. Takahashi,67,N. Takahashi,69,14000,98000,3692938,,,25,18,36,3761222,,25,Call,Review; nothing changed,Company is being acquired; the shares vest on close.,yes,no,no,,,,After 6pm
Uzun 2,adv-a,K. Uzun,66,C. Uzun,63,37000,111000,21673539,,,25,24,36,22081136,6502062,258,Call,Review; nothing changed,Retiring at the end of next year; has not decided on the pension option.,yes,no,no,,,,After 6pm
Varga 2,adv-b,E. Varga,43,,,13000,234000,3924713,,,25,12,12,4127490,,130,Video,Review; nothing changed,,yes,no,no,,,,Weekday lunchtime
Whitcombe 2,adv-c,P. Whitcombe,66,A. Whitcombe,64,4000,12000,1274682,Inherited utility holding,2982065,25,18,36,1643749,382405,49,Meeting,Review; nothing changed,Mentioned they are thinking about selling the second home next spring.,yes,no,no,65.1,65.8,71.1,Afternoons
Yilmaz 2,adv-a,L. Yilmaz,70,W. Yilmaz,72,7000,203000,2490983,,,25,24,24,2891732,,153,Call,Review; nothing changed,Moving to Lisbon for two years for work; unsure what that means for taxes.,no,no,no,,,,Afternoons
Zielinski 2,adv-b,P. Zielinski,62,S. Zielinski,64,12000,264000,3775149,Inherited utility holding,4623730,25,6,12,4792058,1132545,257,Email,Review; nothing changed,Company is being acquired; the shares vest on close.,no,no,no,44.1,44.3,49.4,Mornings
Anand 2,adv-c,T. Anand,30,A. Anand,32,7000,119000,2816988,Legacy bank holding,1319972,25,6,12,3356534,845096,138,Meeting,Review; nothing changed,,no,no,no,27.7,28.3,33,After 6pm
Brennan 2,adv-a,P. Brennan,31,,,6000,204000,2595721,,,25,24,24,3099682,,139,Email,Review; nothing changed,,no,no,no,,,,Afternoons
Castillo 2,adv-b,N. Castillo,74,,,42000,1176000,16082848,,,25,24,24,20025294,4824854,88,Meeting,Review; nothing changed,,yes,no,no,,,,Mornings
Dubois 2,adv-c,V. Dubois,64,,,7000,35000,1844442,,,25,24,24,2862636,,30,Email,Review; nothing changed,,yes,no,no,,,,Weekday lunchtime
Engel 2,adv-a,P. Engel,54,,,14000,238000,4366895,,,25,12,24,5967530,1310069,78,Email,Review; nothing changed,Wants to set something up for the grandchildren's school fees.,yes,no,no,,,,Mornings
Farrow 2,adv-b,A. Farrow,77,T. Farrow,79,19000,247000,9683291,,,25,6,36,14025582,2904987,144,Call,Review; nothing changed,Wants to set something up for the grandchildren's school fees.,yes,no,no,,,,Afternoons
Grieve 2,adv-c,J. Grieve,62,V. Grieve,59,8000,192000,3896256,Founder shares,5180907,20,12,36,5312995,,55,Call,Review; nothing changed,Retiring at the end of next year; has not decided on the pension option.,no,no,no,50.2,52,55.7,Afternoons
Holm 2,adv-a,P. Holm,56,F. Holm,54,28000,1008000,11345649,,,25,24,24,15812815,3403695,107,Call,Review; nothing changed,Asked whether the cash could go somewhere that earns a little more.,yes,no,no,,,,After 6pm
Iversen 2,adv-b,C. Iversen,44,P. Iversen,43,11000,429000,7795421,,,25,24,24,12317710,,68,Email,Review; nothing changed,Company is being acquired; the shares vest on close.,yes,no,no,,,,Mornings
Jaffe 2,adv-c,R. Jaffe,60,R. Jaffe,59,7000,91000,2598674,,,25,12,12,3222520,,233,Call,Review; nothing changed,Mentioned they are thinking about selling the second home next spring.,no,no,no,,,,After 6pm
Kessler 2,adv-a,J. Kessler,50,T. Kessler,50,58000,290000,24345917,,,25,18,18,30600031,7303775,73,Email,Review; nothing changed,Daughter is getting married in the autumn; wants to help with the deposit on a flat.,yes,no,no,,,,After 6pm
Laurent 2,adv-b,G. Laurent,70,G. Laurent,68,20000,780000,11014300,,,25,24,24,17498533,,85,Meeting,Review; nothing changed,Wants to set something up for the grandchildren's school fees.,yes,no,no,,,,After 6pm
Mbeki 2,adv-c,R. Mbeki,67,M. Mbeki,64,13000,442000,4365531,,,25,12,36,5009109,,131,Meeting,Review; nothing changed,Company is being acquired; the shares vest on close.,no,no,no,,,,After 6pm
Novak 2,adv-a,P. Novak,49,,,16000,32000,11417881,Employer stock,4872346,20,12,36,12061335,,60,Video,Review; nothing changed,,yes,no,no,26.4,28.7,31,After 6pm
Okoro 2,adv-b,E. Okoro,56,C. Okoro,56,70000,2030000,21265973,Inherited utility holding,2962098,30,24,36,22549465,6379792,152,Video,Review; nothing changed,Retiring at the end of next year; has not decided on the pension option.,yes,no,no,7.2,9.4,9.8,Afternoons
Adeyemi 3,adv-c,C. Adeyemi,34,G. Adeyemi,33,71000,2343000,19232786,Founder shares,14551208,10,18,36,23324106,,102,Meeting,Review; nothing changed,,no,no,yes,36.6,39.2,39.2,Afternoons
Bakshi 3,adv-a,M. Bakshi,75,,,34000,204000,16421557,Employer stock,7769897,20,12,24,24636959,4926467,9,Video,Review; nothing changed,Daughter is getting married in the autumn; wants to help with the deposit on a flat.,no,no,no,29.2,30.4,33.9,Afternoons
Calloway 3,adv-b,N. Calloway,42,S. Calloway,39,4000,136000,1140638,,,25,18,24,1670309,342191,22,Email,Review; nothing changed,,yes,no,no,,,,Afternoons
Delacroix 3,adv-c,L. Delacroix,54,K. Delacroix,51,15000,345000,4526828,Legacy bank holding,1440388,25,6,36,6015339,1358048,62,Meeting,Review; nothing changed,Received an inheritance from an aunt; roughly four hundred thousand.,no,no,yes,15.1,16.4,18.7,Weekday lunchtime
Eriksson 3,adv-a,T. Eriksson,67,,,33000,1254000,8266872,,,25,6,36,11969129,,121,Video,Review; nothing changed,Retiring at the end of next year; has not decided on the pension option.,yes,no,no,,,,After 6pm
Fontaine 3,adv-b,S. Fontaine,71,,,5000,70000,2069276,Employer stock,2597201,20,24,36,3208873,620783,78,Email,Review; nothing changed,,no,no,no,44.8,46,48.2,Weekday lunchtime
Galloway 3,adv-c,H. Galloway,59,E. Galloway,59,38000,0,17187632,,,25,6,12,17316108,5156290,54,Meeting,Review; nothing changed,Received an inheritance from an aunt; roughly four hundred thousand.,yes,no,no,,,,After 6pm
Haddad 3,adv-a,K. Haddad,36,,,8000,144000,2540354,Inherited utility holding,1898672,30,12,12,3474834,,248,Video,Review; nothing changed,Received an inheritance from an aunt; roughly four hundred thousand.,yes,no,no,34.5,34.8,39.1,Afternoons
Ibarra 3,adv-b,R. Ibarra,43,D. Ibarra,41,21000,462000,6962498,Legacy bank holding,2998481,30,24,24,8455908,,35,Email,Review; nothing changed,,yes,no,no,24.5,27.3,27.4,Weekday lunchtime
Jansen 3,adv-c,E. Jansen,65,H. Jansen,64,16000,288000,5477434,Legacy bank holding,9483397,30,6,24,8749630,,124,Call,Review; nothing changed,Daughter is getting married in the autumn; wants to help with the deposit on a flat.,yes,no,no,53.4,55.4,59.1,Mornings
Kowalczyk 3,adv-a,J. Kowalczyk,66,F. Kowalczyk,64,53000,0,33378343,,,25,6,12,40281002,10013503,95,Email,Review; nothing changed,Received an inheritance from an aunt; roughly four hundred thousand.,yes,no,no,,,,Mornings
Lindqvist 3,adv-b,A. Lindqvist,64,V. Lindqvist,64,37000,1184000,16367391,,,25,18,36,24645627,4910217,63,Email,Review; nothing changed,Mentioned they are thinking about selling the second home next spring.,yes,no,no,,,,Mornings
Moreau 3,adv-c,V. Moreau,54,,,17000,34000,4595542,,,25,18,36,6115088,,4,Email,Review; nothing changed,Company is being acquired; the shares vest on close.,yes,no,no,,,,After 6pm
Nakamura 3,adv-a,B. Nakamura,42,N. Nakamura,42,71000,1846000,17295378,,,25,24,24,22046684,5188613,200,Video,Review; nothing changed,Daughter is getting married in the autumn; wants to help with the deposit on a flat.,yes,no,no,,,,Afternoons
Obi 3,adv-b,T. Obi,40,A. Obi,41,73000,2263000,17960943,Founder shares,59595428,30,12,12,23515177,,240,Meeting,Review; nothing changed,Asked whether the cash could go somewhere that earns a little more.,yes,no,no,65.6,68.4,71.4,Mornings
Petrakis 3,adv-c,S. Petrakis,33,E. Petrakis,33,148000,2220000,43912634,,,25,12,36,55235013,,78,Video,Review; nothing changed,Company is being acquired; the shares vest on close.,yes,no,no,,,,Mornings
Quintero 3,adv-a,T. Quintero,42,E. Quintero,39,6000,42000,4079727,,,25,6,12,4612402,,92,Video,Review; nothing changed,,yes,no,no,,,,Mornings
Rasmussen 3,adv-b,C. Rasmussen,52,,,9000,90000,2433129,,,25,6,36,3403259,,223,Video,Review; nothing changed,Moving to Lisbon for two years for work; unsure what that means for taxes.,yes,no,yes,,,,Weekday lunchtime
Sorensen 3,adv-c,E. Sorensen,65,V. Sorensen,64,10000,100000,2505045,Founder shares,1325523,30,12,36,3868610,751514,2,Email,Review; nothing changed,Moving to Lisbon for two years for work; unsure what that means for taxes.,yes,no,no,29.6,30.3,34.7,Afternoons
Takahashi 3,adv-a,V. Takahashi,50,J. Takahashi,51,5000,0,2047346,,,25,6,24,3016902,,83,Meeting,Review; nothing changed,Asked whether the cash could go somewhere that earns a little more.,no,no,no,,,,Mornings
Uzun 3,adv-b,B. Uzun,56,,,139000,0,86507794,Employer stock,42408378,25,6,12,112543271,25952338,143,Email,Review; nothing changed,Asked whether the cash could go somewhere that earns a little more.,yes,no,no,28.2,28.8,32.4,Weekday lunchtime
Varga 3,adv-c,D. Varga,67,,,4000,144000,826310,Legacy bank holding,1482683,20,12,24,990388,247893,104,Meeting,Review; nothing changed,Moving to Lisbon for two years for work; unsure what that means for taxes.,no,no,no,54.1,55.6,60,Afternoons
Whitcombe 3,adv-a,P. Whitcombe,44,V. Whitcombe,46,178000,178000,44112851,Employer stock,25036295,25,18,24,64543638,13233855,251,Email,Review; nothing changed,Mentioned they are thinking about selling the second home next spring.,yes,no,no,33.4,35.9,36.9,Afternoons
Yilmaz 3,adv-b,S. Yilmaz,49,S. Yilmaz,47,99000,1485000,42432665,Employer stock,44444372,30,6,12,58848405,,258,Email,Review; nothing changed,Wants to set something up for the grandchildren's school fees.,no,no,no,47.4,48.2,50.7,Mornings
Zielinski 3,adv-c,V. Zielinski,36,H. Zielinski,37,80000,0,20755775,Founder shares,14998292,25,12,24,29245986,6226733,218,Call,Review; nothing changed,Company is being acquired; the shares vest on close.,yes,no,no,36.5,38.9,42.3,Afternoons
Anand 3,adv-a,M. Anand,53,W. Anand,51,32000,672000,15591837,,,25,18,18,23203788,,215,Meeting,Review; nothing changed,Asked whether the cash could go somewhere that earns a little more.,no,no,no,,,,Mornings
Brennan 3,adv-b,B. Brennan,76,F. Brennan,73,5000,155000,3529419,,,25,6,36,5288132,1058826,64,Call,Review; nothing changed,Received an inheritance from an aunt; roughly four hundred thousand.,yes,no,no,,,,Mornings
Castillo 3,adv-c,A. Castillo,46,B. Castillo,45,7000,70000,3139320,,,25,18,24,3823704,,62,Video,Review; nothing changed,Retiring at the end of next year; has not decided on the pension option.,yes,yes,no,,,,After 6pm
Dubois 3,adv-a,J. Dubois,81,C. Dubois,79,5000,40000,2052479,Legacy bank holding,2656831,30,18,36,2607064,615744,28,Meeting,Review; nothing changed,Wants to set something up for the grandchildren's school fees.,yes,no,no,49.4,51.3,54.2,Weekday lunchtime
Engel 3,adv-b,N. Engel,80,J. Engel,78,8000,40000,2240665,Employer stock,2147116,30,12,36,2344403,,123,Meeting,Review; nothing changed,Company is being acquired; the shares vest on close.,yes,no,no,38.6,39.2,41.9,Mornings
Farrow 3,adv-c,E. Farrow,33,G. Farrow,32,246000,8364000,88884100,,,25,12,24,106733995,26665230,139,Meeting,Review; nothing changed,Mentioned they are thinking about selling the second home next spring.,yes,no,no,,,,Afternoons
Grieve 3,adv-a,E. Grieve,31,D. Grieve,31,12000,12000,3066584,,,25,24,24,4820912,919975,49,Email,Review; nothing changed,Retiring at the end of next year; has not decided on the pension option.,yes,no,no,,,,Mornings
Holm 3,adv-b,E. Holm,65,,,163000,2282000,72132746,Legacy bank holding,24718502,30,6,24,91384690,21639824,11,Meeting,Review; nothing changed,,yes,no,no,22.4,24.4,24.7,Afternoons
Iversen 3,adv-c,K. Iversen,77,,,12000,72000,3951488,,,25,24,36,5613218,1185446,53,Call,Review; nothing changed,Daughter is getting married in the autumn; wants to help with the deposit on a flat.,yes,no,no,,,,After 6pm
Jaffe 3,adv-a,S. Jaffe,63,,,15000,345000,4261115,,,25,6,24,4280022,1278335,224,Call,Review; nothing changed,Retiring at the end of next year; has not decided on the pension option.,no,no,no,,,,Mornings
Kessler 3,adv-b,D. Kessler,67,T. Kessler,64,6000,156000,2018651,Legacy bank holding,1335939,20,6,36,2772383,,2,Meeting,Review; nothing changed,,yes,no,no,34.7,37,38.3,Mornings
Laurent 3,adv-c,H. Laurent,63,J. Laurent,63,52000,676000,14001074,,,25,18,18,19606638,4200322,29,Call,Review; nothing changed,Received an inheritance from an aunt; roughly four hundred thousand.,yes,no,yes,,,,After 6pm
Mbeki 3,adv-a,R. Mbeki,53,,,5000,145000,2486756,Inherited utility holding,2611569,10,18,18,2563621,,26,Video,Review; nothing changed,Retiring at the end of next year; has not decided on the pension option.,no,no,no,46.8,48.3,51.3,Afternoons
Novak 3,adv-b,K. Novak,74,,,261000,3915000,75476107,Legacy bank holding,17234717,25,6,36,104138246,,142,Meeting,Review; nothing changed,Asked whether the cash could go somewhere that earns a little more.,yes,no,no,14.9,17.6,18.4,Weekday lunchtime
Okoro 3,adv-c,K. Okoro,75,V. Okoro,77,4000,108000,2455009,Legacy bank holding,1377869,10,6,12,3752060,,181,Meeting,Review; nothing changed,Mentioned they are thinking about selling the second home next spring.,yes,no,no,28.9,29.4,32.2,Mornings
Adeyemi 4,adv-a,S. Adeyemi,59,,,4000,52000,980826,,,25,12,24,1491530,294248,42,Meeting,Review; nothing changed,Received an inheritance from an aunt; roughly four hundred thousand.,yes,no,no,,,,After 6pm
Bakshi 4,adv-b,A. Bakshi,55,E. Bakshi,56,8000,112000,2656436,,,25,12,12,4117306,,203,Meeting,Review; nothing changed,Daughter is getting married in the autumn; wants to help with the deposit on a flat.,yes,no,no,,,,After 6pm
Calloway 4,adv-c,R. Calloway,39,H. Calloway,40,17000,629000,4213146,,,25,6,36,5972127,1263944,48,Meeting,Review; nothing changed,Moving to Lisbon for two years for work; unsure what that means for taxes.,no,no,no,,,,Weekday lunchtime
Delacroix 4,adv-a,P. Delacroix,31,V. Delacroix,30,4000,132000,661276,Legacy bank holding,1842498,25,24,36,705310,198383,220,Video,Review; nothing changed,Asked whether the cash could go somewhere that earns a little more.,no,no,no,65,67.5,67.9,Afternoons
Eriksson 4,adv-b,H. Eriksson,46,T. Eriksson,43,57000,627000,15200690,,,25,12,12,16697001,,99,Call,Review; nothing changed,,yes,no,no,,,,After 6pm
Fontaine 4,adv-c,S. Fontaine,59,,,51000,255000,20436271,Employer stock,11003548,20,12,24,26905477,,68,Meeting,Review; nothing changed,Mentioned they are thinking about selling the second home next spring.,yes,no,yes,30.7,32.3,35,Mornings
Galloway 4,adv-a,G. Galloway,79,F. Galloway,78,15000,405000,4052206,Founder shares,11676938,25,18,18,5759754,,46,Meeting,Review; nothing changed,Asked whether the cash could go somewhere that earns a little more.,yes,no,no,69.4,70.3,73,After 6pm
Haddad 4,adv-b,W. Haddad,49,,,19000,494000,6263827,Employer stock,11549851,10,12,12,8924093,1879148,88,Video,Review; nothing changed,Mentioned they are thinking about selling the second home next spring.,no,no,no,59.9,61.5,62.3,After 6pm
Ibarra 4,adv-c,T. Ibarra,46,K. Ibarra,44,4000,136000,3385758,,,25,6,12,4235074,,204,Call,Review; nothing changed,Mentioned they are thinking about selling the second home next spring.,no,no,no,,,,Weekday lunchtime
Jansen 4,adv-a,P. Jansen,60,,,4000,20000,851602,,,25,24,24,1359351,,233,Meeting,Review; nothing changed,Company is being acquired; the shares vest on close.,no,no,no,,,,Afternoons
Kowalczyk 4,adv-b,H. Kowalczyk,46,,,239000,4780000,67947602,Employer stock,59609921,25,12,24,101112386,20384281,15,Email,Review; nothing changed,Wants to set something up for the grandchildren's school fees.,yes,no,no,42.1,44.8,46.4,Weekday lunchtime
Lindqvist 4,adv-c,H. Lindqvist,69,,,19000,532000,14053334,Founder shares,9388508,20,12,12,15410622,,50,Video,Review; nothing changed,Company is being acquired; the shares vest on close.,no,yes,no,34.4,36.6,37.8,After 6pm
Moreau 4,adv-a,E. Moreau,63,H. Moreau,61,26000,104000,6801830,,,25,6,36,7610709,,131,Email,Review; nothing changed,Wants to set something up for the grandchildren's school fees.,yes,no,no,,,,After 6pm
Nakamura 4,adv-b,L. Nakamura,53,,,6000,66000,3644689,,,25,24,36,5029091,1093407,156,Video,Review; nothing changed,,yes,no,no,,,,Afternoons
Obi 4,adv-c,T. Obi,45,C. Obi,45,86000,2752000,22128604,,,25,12,24,27902909,6638581,225,Video,Review; nothing changed,Daughter is getting married in the autumn; wants to help with the deposit on a flat.,yes,no,no,,,,After 6pm
Petrakis 4,adv-a,P. Petrakis,54,G. Petrakis,53,16000,64000,12759215,Inherited utility holding,16301516,20,6,24,17622589,3827765,247,Video,Review; nothing changed,Moving to Lisbon for two years for work; unsure what that means for taxes.,yes,no,no,48.6,49.7,54.2,Weekday lunchtime
Quintero 4,adv-b,C. Quintero,56,,,21000,357000,9788685,,,25,18,18,10602502,2936606,242,Call,Review; nothing changed,Asked whether the cash could go somewhere that earns a little more.,no,no,no,,,,Afternoons
Rasmussen 4,adv-c,E. Rasmussen,58,K. Rasmussen,59,23000,598000,13814810,,,25,6,12,16343737,4144443,64,Meeting,Review; nothing changed,Moving to Lisbon for two years for work; unsure what that means for taxes.,yes,no,no,,,,Mornings
Sorensen 4,adv-a,T. Sorensen,80,L. Sorensen,80,20000,40000,8597088,Employer stock,16477771,20,6,24,11712342,,102,Email,Review; nothing changed,Daughter is getting married in the autumn; wants to help with the deposit on a flat.,yes,no,no,58.4,58.5,62.3,Weekday lunchtime
Takahashi 4,adv-b,R. Takahashi,61,J. Takahashi,61,34000,816000,10349935,,,25,18,18,12528289,3104981,40,Email,Review; nothing changed,Retiring at the end of next year; has not decided on the pension option.,no,no,no,,,,Afternoons
Uzun 4,adv-c,D. Uzun,81,S. Uzun,79,42000,630000,20084582,,,25,18,36,25340440,6025375,6,Meeting,Review; nothing changed,Received an inheritance from an aunt; roughly four hundred thousand.,no,no,no,,,,Weekday lunchtime
Varga 4,adv-a,W. Varga,70,W. Varga,68,60000,1260000,21835959,,,25,18,24,33261338,,70,Meeting,Review; nothing changed,Moving to Lisbon for two years for work; unsure what that means for taxes.,yes,no,no,,,,Afternoons
Whitcombe 4,adv-b,H. Whitcombe,51,K. Whitcombe,50,56000,952000,14039042,,,25,18,24,18514692,,90,Email,Review; nothing changed,Mentioned they are thinking about selling the second home next spring.,yes,no,no,,,,Afternoons
Yilmaz 4,adv-c,V. Yilmaz,55,,,4000,28000,638313,,,25,24,24,852210,,78,Email,Review; nothing changed,Mentioned they are thinking about selling the second home next spring.,yes,no,no,,,,Mornings
Zielinski 4,adv-a,B. Zielinski,36,L. Zielinski,34,5000,50000,1257329,,,25,24,24,1736455,377199,16,Email,Review; nothing changed,,no,no,yes,,,,Mornings
Anand 4,adv-b,K. Anand,47,,,38000,836000,21169382,Employer stock,7218238,25,24,24,32503877,,24,Email,Review; nothing changed,Received an inheritance from an aunt; roughly four hundred thousand.,yes,no,no,15.7,17.2,17.8,Mornings
Brennan 4,adv-c,P. Brennan,56,,,9000,225000,3088592,,,25,12,12,4745549,,25,Video,Review; nothing changed,Mentioned they are thinking about selling the second home next spring.,yes,no,no,,,,After 6pm
Castillo 4,adv-a,J. Castillo,44,,,36000,1224000,19258941,,,25,24,24,23288529,,214,Meeting,Review; nothing changed,Received an inheritance from an aunt; roughly four hundred thousand.,yes,no,no,,,,Afternoons
Dubois 4,adv-b,H. Dubois,30,W. Dubois,29,52000,1924000,22774783,Employer stock,1526050,25,12,24,28200485,,241,Video,Review; nothing changed,Received an inheritance from an aunt; roughly four hundred thousand.,yes,no,no,0.5,3.3,5.7,Weekday lunchtime
Engel 4,adv-c,M. Engel,61,T. Engel,61,51000,1122000,17623648,,,25,12,36,27519676,5287094,97,Call,Review; nothing changed,Mentioned they are thinking about selling the second home next spring.,yes,no,no,,,,Weekday lunchtime
Farrow 4,adv-a,J. Farrow,30,M. Farrow,31,19000,513000,4579820,,,25,12,12,6926276,,165,Video,Review; nothing changed,Asked whether the cash could go somewhere that earns a little more.,yes,no,no,,,,Mornings
Grieve 4,adv-b,L. Grieve,69,V. Grieve,67,6000,234000,2361669,,,25,6,12,2772440,708501,247,Call,Review; nothing changed,Asked whether the cash could go somewhere that earns a little more.,no,no,no,,,,Mornings
Holm 4,adv-c,P. Holm,57,E. Holm,54,23000,690000,5448287,,,25,6,36,7095326,,257,Email,Review; nothing changed,Retiring at the end of next year; has not decided on the pension option.,no,no,no,,,,Weekday lunchtime
Iversen 4,adv-a,E. Iversen,55,,,36000,432000,14982486,,,25,12,24,16869154,,174,Video,Review; nothing changed,Received an inheritance from an aunt; roughly four hundred thousand.,yes,no,no,,,,After 6pm
Jaffe 4,adv-b,B. Jaffe,42,,,4000,120000,904946,,,25,24,24,1080764,271484,223,Email,Review; nothing changed,Daughter is getting married in the autumn; wants to help with the deposit on a flat.,yes,no,no,,,,Mornings
Kessler 4,adv-c,J. Kessler,39,C. Kessler,39,10000,170000,3771730,Legacy bank holding,1932391,10,12,12,4808202,1131519,252,Video,Review; nothing changed,Retiring at the end of next year; has not decided on the pension option.,no,no,yes,26.2,27.1,28.9,Afternoons
Laurent 4,adv-a,B. Laurent,42,H. Laurent,42,5000,55000,2199391,Inherited utility holding,2313230,10,24,36,3290902,,50,Meeting,Review; nothing changed,Received an inheritance from an aunt; roughly four hundred thousand.,yes,no,no,43.2,44,46.5,Afternoons
Mbeki 4,adv-b,S. Mbeki,67,B. Mbeki,69,38000,760000,9801568,,,25,12,24,15450688,,238,Email,Review; nothing changed,Asked whether the cash could go somewhere that earns a little more.,yes,no,no,,,,After 6pm
Novak 4,adv-c,T. Novak,37,S. Novak,38,17000,255000,7115114,,,25,12,36,10332365,,230,Call,Review; nothing changed,Moving to Lisbon for two years for work; unsure what that means for taxes.,no,no,no,,,,Mornings
Okoro 4,adv-a,L. Okoro,65,C. Okoro,63,5000,90000,3941547,Employer stock,2420134,25,24,36,6082650,,116,Email,Review; nothing changed,,yes,no,no,34.5,35.5,39.9,Weekday lunchtime
Adeyemi 5,adv-b,L. Adeyemi,50,C. Adeyemi,52,25000,25000,11962548,,,25,18,24,13595454,3588764,8,Email,Review; nothing changed,Asked whether the cash could go somewhere that earns a little more.,no,yes,no,,,,Weekday lunchtime
Bakshi 5,adv-c,A. Bakshi,55,A. Bakshi,52,4000,124000,843347,,,25,18,24,869460,,85,Video,Review; nothing changed,Company is being acquired; the shares vest on close.,yes,no,yes,,,,Mornings
Calloway 5,adv-a,D. Calloway,60,,,6000,204000,2757179,,,25,18,36,3938829,,149,Meeting,Review; nothing changed,Retiring at the end of next year; has not decided on the pension option.,yes,no,no,,,,Afternoons
Delacroix 5,adv-b,F. Delacroix,63,,,26000,26000,7218026,,,25,12,12,10716226,2165408,214,Email,Review; nothing changed,Retiring at the end of next year; has not decided on the pension option.,yes,no,no,,,,After 6pm
Eriksson 5,adv-c,M. Eriksson,70,P. Eriksson,71,9000,342000,2976184,,,25,12,12,4245168,,157,Call,Review; nothing changed,Asked whether the cash could go somewhere that earns a little more.,yes,no,no,,,,Afternoons
Fontaine 5,adv-a,W. Fontaine,71,,,255000,2550000,79259266,Legacy bank holding,33087793,25,24,24,102812167,23777780,114,Video,Review; nothing changed,,yes,no,no,23.3,25,28.2,Weekday lunchtime
Galloway 5,adv-b,C. Galloway,40,,,27000,0,8278717,,,25,6,24,10667217,,100,Video,Review; nothing changed,Received an inheritance from an aunt; roughly four hundred thousand.,yes,no,no,,,,After 6pm
Haddad 5,adv-c,B. Haddad,75,,,14000,252000,9168292,,,25,6,24,13034826,2750488,230,Call,Review; nothing changed,Received an inheritance from an aunt; roughly four hundred thousand.,yes,no,no,,,,Weekday lunchtime
Ibarra 5,adv-a,C. Ibarra,32,,,10000,50000,7491343,,,25,6,12,10861456,,76,Video,Review; nothing changed,,yes,no,no,,,,Afternoons
Jansen 5,adv-b,S. Jansen,45,E. Jansen,47,157000,5024000,59929644,Employer stock,12329570,20,18,36,72468173,17978893,242,Email,Review; nothing changed,Daughter is getting married in the autumn; wants to help with the deposit on a flat.,yes,no,no,12.3,12.5,18.2,After 6pm
Kowalczyk 5,adv-c,S. Kowalczyk,56,,,273000,9828000,79513144,,,25,6,24,117652203,,140,Meeting,Review; nothing changed,,yes,no,no,,,,Weekday lunchtime
Lindqvist 5,adv-a,H. Lindqvist,65,,,22000,638000,7779952,,,25,18,36,10174746,2333986,115,Call,Review; nothing changed,,no,yes,no,,,,Mornings
Moreau 5,adv-b,C. Moreau,68,L. Moreau,65,7000,119000,1806348,Legacy bank holding,2383297,30,24,24,2156152,541904,52,Call,Review; nothing changed,Mentioned they are thinking about selling the second home next spring.,yes,no,no,50.1,52.7,55.3,Weekday lunchtime
Nakamura 5,adv-c,W. Nakamura,81,,,53000,1696000,19649671,,,25,24,24,24324256,,249,Meeting,Review; nothing changed,Wants to set something up for the grandchildren's school fees.,yes,no,no,,,,Afternoons
Obi 5,adv-a,F. Obi,55,C. Obi,52,183000,2013000,46140246,Legacy bank holding,20062838,10,18,18,68502533,,230,Meeting,Review; nothing changed,Received an inheritance from an aunt; roughly four hundred thousand.,yes,no,no,20,20,24.3,Mornings
Petrakis 5,adv-b,D. Petrakis,42,,,11000,407000,2863793,,,25,6,24,3559126,859138,20,Video,Review; nothing changed,Company is being acquired; the shares vest on close.,yes,no,no,,,,After 6pm
Quintero 5,adv-c,C. Quintero,77,N. Quintero,77,59000,236000,22361354,,,25,6,36,33590873,6708406,27,Email,Review; nothing changed,,no,no,no,,,,Afternoons
Rasmussen 5,adv-a,V. Rasmussen,53,C. Rasmussen,50,17000,0,4836097,Inherited utility holding,4076173,25,12,36,7475741,,188,Email,Review; nothing changed,Moving to Lisbon for two years for work; unsure what that means for taxes.,yes,no,no,43,44.1,48.7,Weekday lunchtime
Sorensen 5,adv-b,P. Sorensen,52,T. Sorensen,51,9000,144000,3940069,Employer stock,3128674,25,18,24,4059479,,60,Call,Review; nothing changed,Mentioned they are thinking about selling the second home next spring.,yes,no,no,35.2,36,40,Afternoons
Takahashi 5,adv-c,J. Takahashi,46,,,167000,668000,91357731,,,25,12,24,124570472,27407319,249,Video,Review; nothing changed,Moving to Lisbon for two years for work; unsure what that means for taxes.,yes,no,no,,,,Afternoons
Uzun 5,adv-a,N. Uzun,54,T. Uzun,55,51000,714000,13925581,,,25,18,36,17648446,,19,Meeting,Review; nothing changed,Daughter is getting married in the autumn; wants to help with the deposit on a flat.,yes,no,no,,,,Afternoons
Varga 5,adv-b,V. Varga,54,A. Varga,52,32000,704000,21644960,,,25,18,18,29428920,6493488,219,Call,Review; nothing changed,Mentioned they are thinking about selling the second home next spring.,yes,no,no,,,,Mornings
Whitcombe 5,adv-c,S. Whitcombe,44,N. Whitcombe,43,4000,104000,1023876,,,25,12,12,1382612,,151,Meeting,Review; nothing changed,,no,yes,no,,,,Weekday lunchtime
Yilmaz 5,adv-a,P. Yilmaz,57,H. Yilmaz,58,44000,572000,15762642,,,25,24,24,21736298,,10,Meeting,Review; nothing changed,Wants to set something up for the grandchildren's school fees.,no,no,no,,,,Weekday lunchtime
Zielinski 5,adv-b,M. Zielinski,34,H. Zielinski,34,37000,1184000,13367912,,,25,18,36,21316713,,83,Video,Review; nothing changed,Received an inheritance from an aunt; roughly four hundred thousand.,yes,no,no,,,,Weekday lunchtime
Anand 5,adv-c,K. Anand,65,B. Anand,66,113000,1582000,49710116,,,25,24,24,67589904,14913035,243,Email,Review; nothing changed,Company is being acquired; the shares vest on close.,yes,no,no,,,,Weekday lunchtime
Brennan 5,adv-a,P. Brennan,46,G. Brennan,48,4000,12000,688867,Legacy bank holding,472869,10,6,36,785775,206660,82,Meeting,Review; nothing changed,,yes,no,no,32.1,33.4,37.8,Weekday lunchtime
Castillo 5,adv-b,T. Castillo,63,,,11000,275000,3843569,,,25,12,36,4144045,1153071,208,Email,Review; nothing changed,Mentioned they are thinking about selling the second home next spring.,yes,no,no,,,,Weekday lunchtime
Dubois 5,adv-c,J. Dubois,81,F. Dubois,78,9000,0,2863994,Inherited utility holding,1117862,25,12,12,3957142,859198,118,Meeting,Review; nothing changed,Wants to set something up for the grandchildren's school fees.,yes,yes,yes,19.9,20.7,25.7,After 6pm
Engel 5,adv-a,D. Engel,71,P. Engel,69,227000,6356000,62602829,,,25,24,36,84477148,,4,Meeting,Review; nothing changed,Retiring at the end of next year; has not decided on the pension option.,yes,yes,no,,,,After 6pm
Farrow 5,adv-b,E. Farrow,63,L. Farrow,65,4000,136000,1495331,,,25,18,18,2384779,448599,35,Email,Review; nothing changed,Daughter is getting married in the autumn; wants to help with the deposit on a flat.,no,no,no,,,,Weekday lunchtime
Grieve 5,adv-c,P. Grieve,62,H. Grieve,61,24000,528000,9578090,Legacy bank holding,15643745,10,24,24,11491228,,1,Video,Review; nothing changed,Retiring at the end of next year; has not decided on the pension option.,no,no,no,51,54,53.9,After 6pm
Holm 5,adv-a,J. Holm,52,P. Holm,51,6000,66000,3398481,Employer stock,2534336,10,6,12,5405936,,19,Email,Review; nothing changed,Asked whether the cash could go somewhere that earns a little more.,yes,no,no,36.9,39.6,39.7,Weekday lunchtime
Iversen 5,adv-b,S. Iversen,65,C. Iversen,62,4000,88000,1529744,,,25,18,24,1698607,,70,Call,Review; nothing changed,Mentioned they are thinking about selling the second home next spring.,no,no,no,,,,Weekday lunchtime
Jaffe 5,adv-c,A. Jaffe,61,H. Jaffe,62,12000,228000,3562617,Founder shares,1435364,10,18,18,3999489,1068785,70,Email,Review; nothing changed,,no,yes,no,21.2,22.6,23.5,Mornings
Kessler 5,adv-a,A. Kessler,42,,,9000,153000,2355542,Legacy bank holding,2787954,25,24,36,2505458,706663,3,Meeting,Review; nothing changed,Asked whether the cash could go somewhere that earns a little more.,yes,no,yes,49.3,51.1,52.9,Mornings
Laurent 5,adv-b,S. Laurent,33,M. Laurent,34,60000,1380000,27000658,,,25,6,12,30631193,8100197,28,Meeting,Review; nothing changed,Moving to Lisbon for two years for work; unsure what that means for taxes.,yes,no,no,,,,Mornings
Mbeki 5,adv-c,C. Mbeki,74,C. Mbeki,75,42000,1596000,10633885,,,25,18,18,11482148,3190166,170,Meeting,Review; nothing changed,Retiring at the end of next year; has not decided on the pension option.,yes,no,no,,,,Weekday lunchtime
Novak 5,adv-a,K. Novak,68,,,36000,144000,11003829,Inherited utility holding,11185584,10,12,12,13067752,3301149,34,Meeting,Review; nothing changed,,no,no,no,45.1,47.1,49.4,Afternoons
Okoro 5,adv-b,B. Okoro,49,S. Okoro,51,4000,128000,1514351,Legacy bank holding,1413647,25,18,36,2047378,,11,Call,Review; nothing changed,Retiring at the end of next year; has not decided on the pension option.,yes,no,no,43,43.7,47.9,After 6pm
Adeyemi 6,adv-c,R. Adeyemi,77,,,8000,160000,3754956,Inherited utility holding,790725,20,12,36,3927565,,30,Meeting,Review; nothing changed,Mentioned they are thinking about selling the second home next spring.,yes,yes,no,7.6,9.7,13,Weekday lunchtime
Bakshi 6,adv-a,T. Bakshi,77,,,61000,1281000,22476286,,,25,6,36,24847470,6742886,205,Call,Review; nothing changed,Retiring at the end of next year; has not decided on the pension option.,yes,no,no,,,,After 6pm
Calloway 6,adv-b,T. Calloway,66,,,54000,162000,13354009,,,25,12,36,21272753,4006203,195,Email,Review; nothing changed,Company is being acquired; the shares vest on close.,no,no,no,,,,Afternoons
Delacroix 6,adv-c,W. Delacroix,30,,,42000,1050000,20760814,,,25,12,12,20986883,,228,Call,Review; nothing changed,,no,no,no,,,,Afternoons
Eriksson 6,adv-a,A. Eriksson,53,,,68000,68000,20386447,,,25,6,24,22681077,,200,Call,Review; nothing changed,Wants to set something up for the grandchildren's school fees.,yes,no,no,,,,Weekday lunchtime
Fontaine 6,adv-b,J. Fontaine,36,,,34000,510000,22594965,,,25,18,18,34355652,,218,Email,Review; nothing changed,,yes,no,no,,,,Mornings
Galloway 6,adv-c,T. Galloway,52,D. Galloway,54,11000,220000,4128330,,,25,6,24,4532912,,179,Email,Review; nothing changed,Daughter is getting married in the autumn; wants to help with the deposit on a flat.,no,no,no,,,,Afternoons
Haddad 6,adv-a,R. Haddad,34,,,48000,624000,15357348,Inherited utility holding,4421702,10,24,24,16660712,,195,Video,Review; nothing changed,Asked whether the cash could go somewhere that earns a little more.,yes,no,no,15.3,17.2,18.3,After 6pm
Ibarra 6,adv-b,S. Ibarra,36,V. Ibarra,35,7000,168000,3697511,,,25,18,24,3723211,1109253,7,Call,Review; nothing changed,Asked whether the cash could go somewhere that earns a little more.,yes,no,no,,,,After 6pm
Jansen 6,adv-c,K. Jansen,49,K. Jansen,47,157000,4082000,37742342,Employer stock,32232262,25,24,36,57673778,11322703,225,Meeting,Review; nothing changed,Moving to Lisbon for two years for work; unsure what that means for taxes.,yes,no,no,40.9,43,43.1,Weekday lunchtime
Kowalczyk 6,adv-a,F. Kowalczyk,59,,,251000,4769000,62635664,Inherited utility holding,51540313,30,24,24,79770903,,23,Meeting,Review; nothing changed,Moving to Lisbon for two years for work; unsure what that means for taxes.,no,no,no,40.5,42.9,44.2,Mornings
Lindqvist 6,adv-b,K. Lindqvist,63,,,66000,660000,35067963,Inherited utility holding,9101186,10,18,24,48114577,,148,Email,Review; nothing changed,Received an inheritance from an aunt; roughly four hundred thousand.,yes,no,no,14.7,17.6,17.7,After 6pm
Moreau 6,adv-c,D. Moreau,33,W. Moreau,33,28000,700000,11081159,Founder shares,7348655,20,12,36,15583945,,108,Meeting,Review; nothing changed,,yes,no,no,34.8,36,40.3,After 6pm
Nakamura 6,adv-a,A. Nakamura,34,T. Nakamura,35,12000,132000,6530779,Employer stock,9427314,25,24,24,8068874,1959234,13,Call,Review; nothing changed,Daughter is getting married in the autumn; wants to help with the deposit on a flat.,yes,no,no,53,55.5,55.4,Afternoons
Obi 6,adv-b,H. Obi,65,N. Obi,67,4000,48000,708808,Inherited utility holding,2099802,20,6,24,776178,,159,Call,Review; nothing changed,Retiring at the end of next year; has not decided on the pension option.,yes,no,no,63.8,66.6,68.1,Weekday lunchtime
Petrakis 6,adv-c,W. Petrakis,42,,,19000,570000,4636186,Founder shares,13112263,10,24,36,5317110,,183,Email,Review; nothing changed,,no,no,no,65.9,67.8,71.1,After 6pm
Quintero 6,adv-a,K. Quintero,54,S. Quintero,51,5000,135000,2286569,Legacy bank holding,1932711,25,6,36,2586220,,240,Call,Review; nothing changed,Daughter is getting married in the autumn; wants to help with the deposit on a flat.,no,no,no,41.8,44.1,47.3,Mornings
Rasmussen 6,adv-b,K. Rasmussen,65,M. Rasmussen,63,61000,671000,15584941,,,25,6,24,20876412,,74,Video,Review; nothing changed,Wants to set something up for the grandchildren's school fees.,yes,no,no,,,,Mornings
Sorensen 6,adv-c,G. Sorensen,52,P. Sorensen,54,8000,200000,2990139,,,25,18,36,3395406,897042,243,Video,Review; nothing changed,Asked whether the cash could go somewhere that earns a little more.,no,no,no,,,,Afternoons
Takahashi 6,adv-a,N. Takahashi,40,T. Takahashi,38,341000,6138000,87095811,Employer stock,55585962,30,6,24,102593393,,158,Video,Review; nothing changed,Moving to Lisbon for two years for work; unsure what that means for taxes.,yes,no,no,32.7,34,36.4,Weekday lunchtime
Uzun 6,adv-b,A. Uzun,41,P. Uzun,40,32000,1024000,18619983,Employer stock,27747057,30,24,24,23271235,,158,Meeting,Review; nothing changed,Wants to set something up for the grandchildren's school fees.,yes,no,no,54.3,56.1,59.1,Mornings
Varga 6,adv-c,J. Varga,32,R. Varga,33,14000,294000,7029260,,,25,18,18,10415415,2108778,178,Email,Review; nothing changed,Asked whether the cash could go somewhere that earns a little more.,yes,no,no,,,,Afternoons
Whitcombe 6,adv-a,L. Whitcombe,78,S. Whitcombe,79,11000,407000,4320537,,,25,18,18,5507385,,121,Meeting,Review; nothing changed,Daughter is getting married in the autumn; wants to help with the deposit on a flat.,yes,no,no,,,,Afternoons
Yilmaz 6,adv-b,N. Yilmaz,66,,,29000,522000,7053636,Inherited utility holding,4122952,20,18,18,10346975,2116091,99,Video,Review; nothing changed,Mentioned they are thinking about selling the second home next spring.,yes,no,no,28,28.8,32.2,Mornings
Zielinski 6,adv-c,A. Zielinski,69,K. Zielinski,69,4000,64000,743344,Founder shares,1531153,20,12,24,981503,,152,Call,Review; nothing changed,Moving to Lisbon for two years for work; unsure what that means for taxes.,yes,no,no,58.3,59.8,61.4,Mornings
Anand 6,adv-a,H. Anand,59,P. Anand,61,6000,204000,1933404,,,25,12,36,2975120,,252,Meeting,Review; nothing changed,Mentioned they are thinking about selling the second home next spring.,no,no,no,,,,Afternoons
Brennan 6,adv-b,A. Brennan,77,S. Brennan,79,4000,120000,934764,,,25,24,36,1037298,,115,Email,Review; nothing changed,Retiring at the end of next year; has not decided on the pension option.,yes,no,no,,,,Mornings
Castillo 6,adv-c,N. Castillo,64,,,114000,114000,82109541,,,25,24,24,110939318,,210,Meeting,Review; nothing changed,Retiring at the end of next year; has not decided on the pension option.,no,no,no,,,,Afternoons
Dubois 6,adv-a,P. Dubois,62,G. Dubois,60,27000,189000,6943639,,,25,24,36,8544090,2083092,138,Email,Review; nothing changed,Wants to set something up for the grandchildren's school fees.,yes,no,no,,,,Weekday lunchtime
Engel 6,adv-b,T. Engel,78,,,15000,75000,4757056,,,25,6,36,6824111,1427117,214,Video,Review; nothing changed,Mentioned they are thinking about selling the second home next spring.,yes,no,no,,,,Mornings
Farrow 6,adv-c,E. Farrow,53,,,6000,120000,2464928,,,25,6,24,2551214,,119,Video,Review; nothing changed,Company is being acquired; the shares vest on close.,yes,no,yes,,,,Mornings
Grieve 6,adv-a,P. Grieve,46,,,30000,810000,14600235,Founder shares,10268126,20,24,36,20322725,,244,Meeting,Review; nothing changed,Daughter is getting married in the autumn; wants to help with the deposit on a flat.,no,no,no,36.8,38.1,42.1,Weekday lunchtime
Holm 6,adv-b,B. Holm,69,C. Holm,68,7000,217000,2222491,,,25,12,24,3555491,,101,Video,Review; nothing changed,Received an inheritance from an aunt; roughly four hundred thousand.,no,no,no,,,,Afternoons
Iversen 6,adv-c,V. Iversen,43,J. Iversen,40,37000,222000,12977651,,,25,24,36,19427549,,231,Meeting,Review; nothing changed,Daughter is getting married in the autumn; wants to help with the deposit on a flat.,yes,no,no,,,,Weekday lunchtime
Jaffe 6,adv-a,F. Jaffe,60,H. Jaffe,59,33000,990000,13459179,Employer stock,15033832,10,12,12,14892185,,57,Video,Review; nothing changed,Daughter is getting married in the autumn; wants to help with the deposit on a flat.,no,no,no,45.7,47.8,51.1,Weekday lunchtime
Kessler 6,adv-b,H. Kessler,67,,,8000,112000,2006885,,,25,6,24,2757381,602066,18,Email,Review; nothing changed,Retiring at the end of next year; has not decided on the pension option.,yes,yes,no,,,,Weekday lunchtime
Laurent 6,adv-c,V. Laurent,33,L. Laurent,30,31000,1023000,7491153,Legacy bank holding,11663992,30,18,36,7583007,2247346,55,Call,Review; nothing changed,,yes,yes,no,49.6,52.2,53.8,Weekday lunchtime
Mbeki 6,adv-a,N. Mbeki,68,C. Mbeki,68,4000,56000,1205650,,,25,12,36,1439799,,137,Meeting,Review; nothing changed,Received an inheritance from an aunt; roughly four hundred thousand.,no,no,no,,,,After 6pm
Novak 6,adv-b,M. Novak,45,,,35000,385000,16739964,Inherited utility holding,2176511,25,6,36,20408630,5021989,206,Meeting,Review; nothing changed,,yes,no,no,9.1,10.1,13.2,Mornings
Okoro 6,adv-c,V. Okoro,52,M. Okoro,54,35000,1295000,8600650,Legacy bank holding,4592401,25,6,12,11882449,,95,Video,Review; nothing changed,Asked whether the cash could go somewhere that earns a little more.,no,no,no,26.5,29.5,32.5,After 6pm
Adeyemi 7,adv-a,B. Adeyemi,78,,,5000,80000,2433138,Inherited utility holding,2777360,20,12,24,3546747,,21,Video,Review; nothing changed,,no,no,no,44.8,45.9,50.2,Afternoons
Bakshi 7,adv-b,N. Bakshi,55,C. Bakshi,55,10000,150000,7506138,,,25,18,18,9864493,2251841,198,Call,Review; nothing changed,Retiring at the end of next year; has not decided on the pension option.,yes,no,no,,,,After 6pm
Calloway 7,adv-c,B. Calloway,48,E. Calloway,47,25000,225000,9528061,Founder shares,10521702,30,24,24,12803489,,44,Video,Review; nothing changed,Daughter is getting married in the autumn; wants to help with the deposit on a flat.,yes,no,no,49.5,50.3,55,Weekday lunchtime
Delacroix 7,adv-a,R. Delacroix,52,,,16000,624000,5693563,Legacy bank holding,7645778,25,12,12,7734266,1708069,47,Meeting,Review; nothing changed,Company is being acquired; the shares vest on close.,yes,no,no,49,50.4,52,Weekday lunchtime
Eriksson 7,adv-b,V. Eriksson,61,,,49000,882000,15245890,,,25,6,24,21157038,,101,Call,Review; nothing changed,Retiring at the end of next year; has not decided on the pension option.,yes,no,no,,,,Mornings
Fontaine 7,adv-c,C. Fontaine,64,L. Fontaine,62,31000,248000,9389139,Employer stock,6595299,20,18,18,10900126,2816742,28,Meeting,Review; nothing changed,Wants to set something up for the grandchildren's school fees.,no,no,no,32.5,34.3,35.5,Afternoons
Galloway 7,adv-a,H. Galloway,54,,,44000,836000,15819145,,,25,24,24,16181355,,155,Call,Review; nothing changed,Moving to Lisbon for two years for work; unsure what that means for taxes.,yes,no,no,,,,Afternoons
Haddad 7,adv-b,K. Haddad,56,,,12000,192000,3497540,,,25,18,24,5473579,,193,Call,Review; nothing changed,Asked whether the cash could go somewhere that earns a little more.,no,no,no,,,,Afternoons
Ibarra 7,adv-c,C. Ibarra,49,,,48000,1200000,17614559,,,25,18,36,27536908,,203,Call,Review; nothing changed,Retiring at the end of next year; has not decided on the pension option.,no,no,no,,,,After 6pm
Jansen 7,adv-a,R. Jansen,69,N. Jansen,69,194000,3104000,67329060,,,25,12,12,84240775,,106,Email,Review; nothing changed,Retiring at the end of next year; has not decided on the pension option.,yes,no,no,,,,Afternoons
Kowalczyk 7,adv-b,C. Kowalczyk,30,J. Kowalczyk,29,5000,0,1980875,,,25,12,36,2686144,594263,100,Call,Review; nothing changed,Company is being acquired; the shares vest on close.,no,no,no,,,,After 6pm
Lindqvist 7,adv-c,R. Lindqvist,37,,,207000,6831000,86768291,,,25,18,36,99046051,26030487,209,Call,Review; nothing changed,Received an inheritance from an aunt; roughly four hundred thousand.,yes,no,no,,,,Mornings
Moreau 7,adv-a,J. Moreau,81,R. Moreau,82,7000,224000,1858069,,,25,6,12,2940328,,167,Call,Review; nothing changed,Moving to Lisbon for two years for work; unsure what that means for taxes.,yes,no,no,,,,Weekday lunchtime
Nakamura 7,adv-b,F. Nakamura,37,,,87000,1392000,22245906,,,25,24,36,33549094,,234,Video,Review; nothing changed,Retiring at the end of next year; has not decided on the pension option.,no,no,no,,,,Weekday lunchtime
Obi 7,adv-c,T. Obi,54,,,5000,180000,1695141,Inherited utility holding,1012466,20,6,24,1796244,508542,137,Meeting,Review; nothing changed,,yes,no,no,33,36,36.5,Mornings
Petrakis 7,adv-a,F. Petrakis,35,A. Petrakis,34,4000,64000,739317,,,25,6,24,795183,,114,Video,Review; nothing changed,,yes,no,no,,,,Afternoons
Quintero 7,adv-b,D. Quintero,53,V. Quintero,51,14000,434000,3350586,,,25,6,24,5338303,1005176,74,Email,Review; nothing changed,Daughter is getting married in the autumn; wants to help with the deposit on a flat.,yes,no,no,,,,Afternoons
Rasmussen 7,adv-c,C. Rasmussen,67,M. Rasmussen,65,222000,7104000,57384901,,,25,24,24,81515297,,174,Call,Review; nothing changed,Daughter is getting married in the autumn; wants to help with the deposit on a flat.,yes,no,no,,,,After 6pm
Sorensen 7,adv-a,W. Sorensen,40,,,4000,40000,1534737,,,25,6,24,2451798,460421,76,Meeting,Review; nothing changed,Asked whether the cash could go somewhere that earns a little more.,no,no,no,,,,Afternoons
Takahashi 7,adv-b,L. Takahashi,76,T. Takahashi,74,6000,120000,4116431,,,25,12,12,4420498,1234929,165,Video,Review; nothing changed,Company is being acquired; the shares vest on close.,no,no,no,,,,Afternoons
Uzun 7,adv-c,P. Uzun,44,,,40000,880000,13906260,,,25,6,24,16223905,,201,Call,Review; nothing changed,Retiring at the end of next year; has not decided on the pension option.,yes,no,no,,,,Weekday lunchtime
Varga 7,adv-a,C. Varga,49,,,53000,318000,17850104,,,25,6,24,20661565,5355031,5,Call,Review; nothing changed,Wants to set something up for the grandchildren's school fees.,yes,no,no,,,,After 6pm
Whitcombe 7,adv-b,C. Whitcombe,67,,,5000,195000,3222789,,,25,24,24,3316368,,88,Call,Review; nothing changed,,yes,no,no,,,,Weekday lunchtime
Yilmaz 7,adv-c,V. Yilmaz,36,C. Yilmaz,33,210000,840000,51230905,,,25,18,36,78308792,,105,Meeting,Review; nothing changed,Daughter is getting married in the autumn; wants to help with the deposit on a flat.,yes,no,no,,,,After 6pm
Zielinski 7,adv-a,T. Zielinski,49,,,57000,1482000,18447431,Employer stock,10153123,30,24,24,23837531,5534229,10,Call,Review; nothing changed,,yes,no,no,26.9,27.7,29.3,After 6pm
Anand 7,adv-b,B. Anand,57,,,131000,524000,36681361,,,25,18,18,51677233,,184,Email,Review; nothing changed,Wants to set something up for the grandchildren's school fees.,yes,no,no,,,,Weekday lunchtime
Brennan 7,adv-c,C. Brennan,52,,,4000,128000,1663076,Legacy bank holding,1252375,10,12,12,2659084,,123,Video,Review; nothing changed,Company is being acquired; the shares vest on close.,yes,no,no,39,40.4,41.5,Weekday lunchtime
Castillo 7,adv-a,R. Castillo,40,J. Castillo,39,16000,544000,5062715,Employer stock,10894845,30,12,24,7868912,,161,Meeting,Review; nothing changed,,no,no,no,57.3,60.2,59.4,Afternoons
Dubois 7,adv-b,D. Dubois,51,C. Dubois,53,24000,744000,11833117,Inherited utility holding,5590258,10,18,18,18665434,3549935,112,Meeting,Review; nothing changed,Wants to set something up for the grandchildren's school fees.,yes,no,yes,25,25.6,27.4,Weekday lunchtime
Engel 7,adv-c,V. Engel,35,B. Engel,37,267000,1602000,67340459,,,25,12,12,90595308,20202138,45,Meeting,Review; nothing changed,Asked whether the cash could go somewhere that earns a little more.,yes,no,no,,,,Mornings
Farrow 7,adv-a,J. Farrow,31,V. Farrow,32,68000,476000,21621185,Inherited utility holding,15954155,25,24,24,26323478,6486356,235,Email,Review; nothing changed,Moving to Lisbon for two years for work; unsure what that means for taxes.,yes,no,no,38.6,41.4,40.9,Mornings
Grieve 7,adv-b,D. Grieve,59,,,9000,315000,2472563,,,25,18,18,2681450,,16,Call,Review; nothing changed,Wants to set something up for the grandchildren's school fees.,yes,no,no,,,,Afternoons
Holm 7,adv-c,R. Holm,74,,,71000,781000,54534211,,,25,18,24,74440006,,12,Call,Review; nothing changed,Moving to Lisbon for two years for work; unsure what that means for taxes.,no,no,no,,,,Weekday lunchtime
Iversen 7,adv-a,S. Iversen,38,P. Iversen,36,25000,400000,8780731,Founder shares,12490037,30,18,36,12746452,,98,Call,Review; nothing changed,,yes,no,no,55,57.1,58.9,Mornings
Jaffe 7,adv-b,S. Jaffe,80,,,81000,2754000,25335319,,,25,12,12,25891090,7600596,31,Email,Review; nothing changed,,yes,no,no,,,,Afternoons
Kessler 7,adv-c,K. Kessler,44,,,169000,338000,63881878,Legacy bank holding,23135042,10,12,36,73440989,,181,Video,Review; nothing changed,Daughter is getting married in the autumn; wants to help with the deposit on a flat.,yes,no,no,22.5,24.5,25,After 6pm
Laurent 7,adv-a,N. Laurent,34,C. Laurent,33,4000,80000,1733021,,,25,18,36,2431514,,9,Video,Review; nothing changed,Company is being acquired; the shares vest on close.,yes,no,no,,,,After 6pm
Mbeki 7,adv-b,M. Mbeki,68,,,67000,804000,19771817,Employer stock,6875208,20,24,24,28796022,5931545,177,Video,Review; nothing changed,Company is being acquired; the shares vest on close.,no,no,no,16.7,16.9,19.6,Afternoons
Novak 7,adv-c,F. Novak,76,N. Novak,77,235000,6580000,57852330,Employer stock,50906189,20,6,24,88394578,17355699,208,Email,Review; nothing changed,Retiring at the end of next year; has not decided on the pension option.,no,no,yes,34.6,37.4,37.4,Weekday lunchtime
Okoro 7,adv-a,R. Okoro,39,,,76000,228000,19469219,,,25,24,36,26356328,5840766,11,Call,Review; nothing changed,Daughter is getting married in the autumn; wants to help with the deposit on a flat.,yes,no,no,,,,Mornings
Adeyemi 8,adv-b,E. Adeyemi,33,A. Adeyemi,31,7000,56000,4367486,,,25,24,24,5488070,,246,Meeting,Review; nothing changed,Asked whether the cash could go somewhere that earns a little more.,no,no,yes,,,,Weekday lunchtime
Bakshi 8,adv-c,V. Bakshi,67,,,158000,4582000,87023081,Employer stock,64292050,25,24,36,94371928,,62,Video,Review; nothing changed,,yes,no,no,33,34.4,36,Weekday lunchtime
Calloway 8,adv-a,B. Calloway,72,,,82000,1394000,20271450,,,25,18,36,25407267,6081435,40,Video,Review; nothing changed,Retiring at the end of next year; has not decided on the pension option.,yes,no,no,,,,Mornings
Delacroix 8,adv-b,R. Delacroix,36,P. Delacroix,35,7000,0,4085862,,,25,18,18,6371461,1225759,180,Meeting,Review; nothing changed,Daughter is getting married in the autumn; wants to help with the deposit on a flat.,yes,no,no,,,,After 6pm
Eriksson 8,adv-c,E. Eriksson,75,,,8000,32000,3465095,,,25,12,36,3496609,1039529,80,Meeting,Review; nothing changed,Company is being acquired; the shares vest on close.,yes,no,no,,,,Mornings
Fontaine 8,adv-a,L. Fontaine,73,,,68000,1156000,21616049,Inherited utility holding,16316138,25,6,24,31663812,6484815,242,Email,Review; nothing changed,,no,no,no,39.2,39.6,44.8,Weekday lunchtime
Galloway 8,adv-b,B. Galloway,37,L. Galloway,35,5000,180000,3724825,Founder shares,2712583,25,24,36,4008074,,116,Video,Review; nothing changed,Moving to Lisbon for two years for work; unsure what that means for taxes.,yes,no,no,33.6,35.5,38.7,Afternoons
Haddad 8,adv-c,C. Haddad,48,,,70000,420000,22680717,Legacy bank holding,12073718,20,18,24,33806566,,165,Email,Review; nothing changed,Moving to Lisbon for two years for work; unsure what that means for taxes.,no,no,no,28.8,29.3,32.2,Afternoons
Ibarra 8,adv-a,B. Ibarra,68,V. Ibarra,67,253000,2783000,90694708,Employer stock,48708480,10,18,24,142431329,,115,Call,Review; nothing changed,Received an inheritance from an aunt; roughly four hundred thousand.,yes,no,no,30.4,32.5,33.6,Afternoons
Jansen 8,adv-b,F. Jansen,67,,,37000,296000,22130116,,,25,6,12,24098334,6639035,64,Call,Review; nothing changed,Retiring at the end of next year; has not decided on the pension option.,yes,no,no,,,,Afternoons
Kowalczyk 8,adv-c,B. Kowalczyk,49,,,27000,567000,8004330,,,25,24,24,11055284,,236,Meeting,Review; nothing changed,Retiring at the end of next year; has not decided on the pension option.,yes,no,no,,,,Afternoons
Lindqvist 8,adv-a,R. Lindqvist,78,W. Lindqvist,77,9000,153000,3721238,Legacy bank holding,1303446,30,12,12,5781281,1116371,65,Call,Review; nothing changed,,yes,no,no,19.5,19.7,25.1,Mornings
Moreau 8,adv-b,P. Moreau,35,,,15000,495000,5830055,Founder shares,2389861,10,18,36,9218706,,210,Video,Review; nothing changed,Received an inheritance from an aunt; roughly four hundred thousand.,yes,no,no,17.9,19.6,22.8,Afternoons
Nakamura 8,adv-c,R. Nakamura,41,B. Nakamura,41,10000,60000,4112495,,,25,24,36,4368519,1233749,46,Meeting,Review; nothing changed,Daughter is getting married in the autumn; wants to help with the deposit on a flat.,no,no,no,,,,Weekday lunchtime
Obi 8,adv-a,P. Obi,49,,,5000,165000,2511823,,,25,6,12,3563241,,192,Video,Review; nothing changed,Mentioned they are thinking about selling the second home next spring.,yes,no,no,,,,Weekday lunchtime
Petrakis 8,adv-b,C. Petrakis,77,S. Petrakis,79,134000,3752000,46609015,,,25,18,36,62010414,,119,Email,Review; nothing changed,Received an inheritance from an aunt; roughly four hundred thousand.,yes,no,no,,,,Afternoons
Quintero 8,adv-c,B. Quintero,40,F. Quintero,37,4000,84000,891154,Employer stock,2551839,25,12,24,1064127,,238,Meeting,Review; nothing changed,Received an inheritance from an aunt; roughly four hundred thousand.,yes,no,no,68.3,70.3,71.8,Weekday lunchtime
Rasmussen 8,adv-a,F. Rasmussen,30,,,8000,88000,3605905,Legacy bank holding,10249149,25,6,24,4168025,,179,Call,Review; nothing changed,Mentioned they are thinking about selling the second home next spring.,yes,yes,no,68.5,68.8,71.9,After 6pm
Sorensen 8,adv-b,H. Sorensen,51,B. Sorensen,51,9000,171000,5449830,,,25,6,24,6242629,,90,Video,Review; nothing changed,Asked whether the cash could go somewhere that earns a little more.,no,no,no,,,,Weekday lunchtime
Takahashi 8,adv-c,W. Takahashi,40,S. Takahashi,42,39000,312000,17669953,Legacy bank holding,2864912,10,18,18,24836370,,114,Call,Review; nothing changed,Moving to Lisbon for two years for work; unsure what that means for taxes.,yes,no,no,6.5,8.5,10.7,Afternoons
