clientId,channel,direction,daysAgo,text
Adeyemi,email,inbound,26,Can we find time next week to talk through the pension?
Adeyemi,email,outbound,0,Attached is the form. Sign where marked and send it back whenever convenient.
Bakshi,email,outbound,13,"Confirming Thursday at 10. Both of you, as you asked."
Calloway,email,inbound,15,This is not what I was told when I opened the account. I'm unhappy with how the fees were explained.
Calloway,sms,inbound,8,We've just accepted an offer on the house. Completion is in six weeks.
Calloway,sms,inbound,20,We've just accepted an offer on the house. Completion is in six weeks.
Delacroix,sms,outbound,15,"I sit on the advisory board of the sponsor, so I can walk you through the terms myself."
Delacroix,email,inbound,26,We've just accepted an offer on the house. Completion is in six weeks.
Eriksson,email,outbound,8,Attached is the form. Sign where marked and send it back whenever convenient.
Fontaine,email,inbound,24,We've just accepted an offer on the house. Completion is in six weeks.
Fontaine,email,inbound,4,We've just accepted an offer on the house. Completion is in six weeks.
Galloway,email,outbound,4,"Confirming Thursday at 10. Both of you, as you asked."
Galloway,sms,outbound,14,Following up on our call. I'd suggest we move a year of spending out of cash into the ladder.
Galloway,sms,outbound,1,Following up on our call. I'd suggest we move a year of spending out of cash into the ladder.
Haddad,sms,outbound,16,Following up on our call. I'd suggest we move a year of spending out of cash into the ladder.
Haddad,email,outbound,18,Following up on our call. I'd suggest we move a year of spending out of cash into the ladder.
Haddad,email,outbound,25,"I sit on the advisory board of the sponsor, so I can walk you through the terms myself."
Ibarra,email,outbound,27,"I sit on the advisory board of the sponsor, so I can walk you through the terms myself."
Ibarra,email,outbound,22,Following up on our call. I'd suggest we move a year of spending out of cash into the ladder.
Ibarra,email,inbound,27,My brother will be handling the paperwork for me from now on. Please send everything to him.
Jansen,email,outbound,6,Following up on our call. I'd suggest we move a year of spending out of cash into the ladder.
Jansen,email,outbound,15,"I sit on the advisory board of the sponsor, so I can walk you through the terms myself."
Jansen,sms,inbound,29,Should I put the whole cash balance into crypto? A friend doubled his last month.
Kowalczyk,email,outbound,1,"Confirming Thursday at 10. Both of you, as you asked."
Lindqvist,email,inbound,2,Can we find time next week to talk through the pension?
Lindqvist,email,inbound,28,My brother will be handling the paperwork for me from now on. Please send everything to him.
Moreau,email,outbound,13,"I sit on the advisory board of the sponsor, so I can walk you through the terms myself."
Moreau,email,inbound,27,Should I put the whole cash balance into crypto? A friend doubled his last month.
Moreau,sms,inbound,18,Should I put the whole cash balance into crypto? A friend doubled his last month.
Nakamura,email,inbound,8,My brother will be handling the paperwork for me from now on. Please send everything to him.
Nakamura,email,outbound,19,Attached is the form. Sign where marked and send it back whenever convenient.
Obi,sms,outbound,21,Following up on our call. I'd suggest we move a year of spending out of cash into the ladder.
Obi,email,inbound,11,This is not what I was told when I opened the account. I'm unhappy with how the fees were explained.
Obi,email,outbound,27,"I sit on the advisory board of the sponsor, so I can walk you through the terms myself."
Petrakis,email,inbound,14,Can we find time next week to talk through the pension?
Petrakis,sms,inbound,27,This is not what I was told when I opened the account. I'm unhappy with how the fees were explained.
Quintero,email,outbound,13,"Confirming Thursday at 10. Both of you, as you asked."
Quintero,email,outbound,4,Attached is the form. Sign where marked and send it back whenever convenient.
Quintero,sms,outbound,0,"Confirming Thursday at 10. Both of you, as you asked."
Rasmussen,email,outbound,0,Attached is the form. Sign where marked and send it back whenever convenient.
Rasmussen,email,inbound,16,This is not what I was told when I opened the account. I'm unhappy with how the fees were explained.
Sorensen,email,outbound,24,Following up on our call. I'd suggest we move a year of spending out of cash into the ladder.
Sorensen,email,inbound,3,We've just accepted an offer on the house. Completion is in six weeks.
Takahashi,email,inbound,10,We've just accepted an offer on the house. Completion is in six weeks.
Takahashi,email,inbound,13,Can we find time next week to talk through the pension?
Uzun,sms,outbound,11,Attached is the form. Sign where marked and send it back whenever convenient.
Varga,email,inbound,24,My brother will be handling the paperwork for me from now on. Please send everything to him.
Varga,sms,inbound,18,Can we find time next week to talk through the pension?
Varga,email,inbound,13,Can we find time next week to talk through the pension?
Whitcombe,email,inbound,23,Should I put the whole cash balance into crypto? A friend doubled his last month.
Yilmaz,sms,inbound,27,This is not what I was told when I opened the account. I'm unhappy with how the fees were explained.
Zielinski,email,outbound,21,"Confirming Thursday at 10. Both of you, as you asked."
Anand,sms,outbound,12,"Confirming Thursday at 10. Both of you, as you asked."
Anand,email,inbound,20,This is not what I was told when I opened the account. I'm unhappy with how the fees were explained.
Anand,sms,inbound,22,We've just accepted an offer on the house. Completion is in six weeks.
Brennan,email,inbound,25,My brother will be handling the paperwork for me from now on. Please send everything to him.
Brennan,email,inbound,13,My brother will be handling the paperwork for me from now on. Please send everything to him.
Brennan,email,outbound,28,"The fund we discussed will return about 6% a year, which more than covers the gap."
Castillo,email,inbound,22,Can we find time next week to talk through the pension?
Castillo,email,inbound,28,This is not what I was told when I opened the account. I'm unhappy with how the fees were explained.
Castillo,email,inbound,21,My brother will be handling the paperwork for me from now on. Please send everything to him.
Dubois,sms,inbound,25,Should I put the whole cash balance into crypto? A friend doubled his last month.
Dubois,email,inbound,22,Should I put the whole cash balance into crypto? A friend doubled his last month.
Engel,email,outbound,19,"Confirming Thursday at 10. Both of you, as you asked."
Engel,email,outbound,20,"The fund we discussed will return about 6% a year, which more than covers the gap."
Engel,email,outbound,1,"I sit on the advisory board of the sponsor, so I can walk you through the terms myself."
Farrow,email,inbound,19,Should I put the whole cash balance into crypto? A friend doubled his last month.
Farrow,email,outbound,10,Following up on our call. I'd suggest we move a year of spending out of cash into the ladder.
Grieve,email,outbound,27,Attached is the form. Sign where marked and send it back whenever convenient.
Grieve,email,outbound,15,Following up on our call. I'd suggest we move a year of spending out of cash into the ladder.
Grieve,email,outbound,26,Following up on our call. I'd suggest we move a year of spending out of cash into the ladder.
Holm,email,inbound,18,My brother will be handling the paperwork for me from now on. Please send everything to him.
Iversen,email,inbound,15,This is not what I was told when I opened the account. I'm unhappy with how the fees were explained.
Jaffe,sms,outbound,0,Attached is the form. Sign where marked and send it back whenever convenient.
Jaffe,email,outbound,11,"I sit on the advisory board of the sponsor, so I can walk you through the terms myself."
Kessler,sms,outbound,29,"Confirming Thursday at 10. Both of you, as you asked."
Laurent,email,inbound,22,Should I put the whole cash balance into crypto? A friend doubled his last month.
Laurent,email,inbound,6,Should I put the whole cash balance into crypto? A friend doubled his last month.
Mbeki,sms,inbound,0,My brother will be handling the paperwork for me from now on. Please send everything to him.
Novak,email,outbound,9,Attached is the form. Sign where marked and send it back whenever convenient.
Novak,email,inbound,14,My brother will be handling the paperwork for me from now on. Please send everything to him.
Novak,email,outbound,22,Following up on our call. I'd suggest we move a year of spending out of cash into the ladder.
Okoro,sms,outbound,16,"The fund we discussed will return about 6% a year, which more than covers the gap."
Adeyemi 2,email,outbound,22,"Confirming Thursday at 10. Both of you, as you asked."
Adeyemi 2,email,outbound,13,"Confirming Thursday at 10. Both of you, as you asked."
Bakshi 2,email,outbound,22,Attached is the form. Sign where marked and send it back whenever convenient.
Bakshi 2,email,outbound,12,Following up on our call. I'd suggest we move a year of spending out of cash into the ladder.
Calloway 2,email,inbound,8,My brother will be handling the paperwork for me from now on. Please send everything to him.
Calloway 2,email,inbound,11,My brother will be handling the paperwork for me from now on. Please send everything to him.
Calloway 2,email,outbound,4,"Confirming Thursday at 10. Both of you, as you asked."
Delacroix 2,email,outbound,12,Attached is the form. Sign where marked and send it back whenever convenient.
Delacroix 2,email,outbound,16,"Confirming Thursday at 10. Both of you, as you asked."
Delacroix 2,email,inbound,13,Can we find time next week to talk through the pension?
Eriksson 2,email,inbound,20,My brother will be handling the paperwork for me from now on. Please send everything to him.
Fontaine 2,email,outbound,24,"The fund we discussed will return about 6% a year, which more than covers the gap."
Galloway 2,email,inbound,27,Should I put the whole cash balance into crypto? A friend doubled his last month.
Haddad 2,sms,outbound,26,Following up on our call. I'd suggest we move a year of spending out of cash into the ladder.
Haddad 2,email,inbound,16,My brother will be handling the paperwork for me from now on. Please send everything to him.
Haddad 2,email,inbound,6,Can we find time next week to talk through the pension?
Ibarra 2,sms,outbound,7,Following up on our call. I'd suggest we move a year of spending out of cash into the ladder.
Ibarra 2,email,inbound,10,Can we find time next week to talk through the pension?
Jansen 2,email,inbound,15,Can we find time next week to talk through the pension?
Kowalczyk 2,email,inbound,8,My brother will be handling the paperwork for me from now on. Please send everything to him.
Kowalczyk 2,sms,outbound,5,"I sit on the advisory board of the sponsor, so I can walk you through the terms myself."
Lindqvist 2,sms,inbound,23,This is not what I was told when I opened the account. I'm unhappy with how the fees were explained.
Moreau 2,email,inbound,22,My brother will be handling the paperwork for me from now on. Please send everything to him.
Nakamura 2,email,inbound,14,Can we find time next week to talk through the pension?
Nakamura 2,sms,inbound,24,We've just accepted an offer on the house. Completion is in six weeks.
Nakamura 2,email,inbound,29,We've just accepted an offer on the house. Completion is in six weeks.
Obi 2,email,inbound,10,My brother will be handling the paperwork for me from now on. Please send everything to him.
Petrakis 2,sms,outbound,17,"Confirming Thursday at 10. Both of you, as you asked."
Petrakis 2,email,inbound,27,This is not what I was told when I opened the account. I'm unhappy with how the fees were explained.
Petrakis 2,email,outbound,10,"I sit on the advisory board of the sponsor, so I can walk you through the terms myself."
Quintero 2,email,inbound,16,We've just accepted an offer on the house. Completion is in six weeks.
Quintero 2,sms,inbound,15,My brother will be handling the paperwork for me from now on. Please send everything to him.
Quintero 2,email,inbound,13,Should I put the whole cash balance into crypto? A friend doubled his last month.
Rasmussen 2,email,outbound,18,Following up on our call. I'd suggest we move a year of spending out of cash into the ladder.
Sorensen 2,email,outbound,24,Attached is the form. Sign where marked and send it back whenever convenient.
Sorensen 2,email,inbound,18,My brother will be handling the paperwork for me from now on. Please send everything to him.
Sorensen 2,email,inbound,1,This is not what I was told when I opened the account. I'm unhappy with how the fees were explained.
Takahashi 2,email,outbound,2,"Confirming Thursday at 10. Both of you, as you asked."
Takahashi 2,sms,outbound,3,Following up on our call. I'd suggest we move a year of spending out of cash into the ladder.
Uzun 2,sms,outbound,13,Following up on our call. I'd suggest we move a year of spending out of cash into the ladder.
Uzun 2,sms,outbound,19,Attached is the form. Sign where marked and send it back whenever convenient.
Uzun 2,email,outbound,6,"I sit on the advisory board of the sponsor, so I can walk you through the terms myself."
Varga 2,email,inbound,20,This is not what I was told when I opened the account. I'm unhappy with how the fees were explained.
Whitcombe 2,sms,inbound,10,Can we find time next week to talk through the pension?
Whitcombe 2,email,inbound,17,We've just accepted an offer on the house. Completion is in six weeks.
Yilmaz 2,email,inbound,11,This is not what I was told when I opened the account. I'm unhappy with how the fees were explained.
Yilmaz 2,email,outbound,7,Following up on our call. I'd suggest we move a year of spending out of cash into the ladder.
Yilmaz 2,email,outbound,10,"Confirming Thursday at 10. Both of you, as you asked."
Zielinski 2,email,outbound,11,"I sit on the advisory board of the sponsor, so I can walk you through the terms myself."
Anand 2,email,outbound,2,Attached is the form. Sign where marked and send it back whenever convenient.
Brennan 2,email,inbound,15,Should I put the whole cash balance into crypto? A friend doubled his last month.
Castillo 2,email,inbound,7,My brother will be handling the paperwork for me from now on. Please send everything to him.
Castillo 2,email,outbound,12,"Confirming Thursday at 10. Both of you, as you asked."
Castillo 2,email,inbound,18,Can we find time next week to talk through the pension?
Dubois 2,email,inbound,15,My brother will be handling the paperwork for me from now on. Please send everything to him.
Dubois 2,email,inbound,19,We've just accepted an offer on the house. Completion is in six weeks.
Dubois 2,email,outbound,12,Following up on our call. I'd suggest we move a year of spending out of cash into the ladder.
Engel 2,email,outbound,7,Following up on our call. I'd suggest we move a year of spending out of cash into the ladder.
Farrow 2,email,inbound,8,We've just accepted an offer on the house. Completion is in six weeks.
Grieve 2,email,outbound,10,Attached is the form. Sign where marked and send it back whenever convenient.
Holm 2,email,outbound,16,"I sit on the advisory board of the sponsor, so I can walk you through the terms myself."
Iversen 2,email,outbound,15,Following up on our call. I'd suggest we move a year of spending out of cash into the ladder.
Iversen 2,email,outbound,20,"I sit on the advisory board of the sponsor, so I can walk you through the terms myself."
Jaffe 2,email,outbound,2,"The fund we discussed will return about 6% a year, which more than covers the gap."
Kessler 2,email,outbound,18,Following up on our call. I'd suggest we move a year of spending out of cash into the ladder.
Laurent 2,email,outbound,13,"I sit on the advisory board of the sponsor, so I can walk you through the terms myself."
Laurent 2,sms,inbound,16,We've just accepted an offer on the house. Completion is in six weeks.
Mbeki 2,sms,inbound,3,This is not what I was told when I opened the account. I'm unhappy with how the fees were explained.
Mbeki 2,sms,inbound,22,Should I put the whole cash balance into crypto? A friend doubled his last month.
Mbeki 2,sms,outbound,7,Following up on our call. I'd suggest we move a year of spending out of cash into the ladder.
Novak 2,email,outbound,1,Attached is the form. Sign where marked and send it back whenever convenient.
Okoro 2,email,outbound,19,"I sit on the advisory board of the sponsor, so I can walk you through the terms myself."
Okoro 2,sms,outbound,26,"I sit on the advisory board of the sponsor, so I can walk you through the terms myself."
Adeyemi 3,email,outbound,0,Attached is the form. Sign where marked and send it back whenever convenient.
Bakshi 3,email,inbound,28,This is not what I was told when I opened the account. I'm unhappy with how the fees were explained.
Calloway 3,sms,outbound,16,"The fund we discussed will return about 6% a year, which more than covers the gap."
Calloway 3,email,outbound,5,"The fund we discussed will return about 6% a year, which more than covers the gap."
Calloway 3,email,inbound,8,We've just accepted an offer on the house. Completion is in six weeks.
Delacroix 3,sms,inbound,22,This is not what I was told when I opened the account. I'm unhappy with how the fees were explained.
Eriksson 3,email,inbound,2,Should I put the whole cash balance into crypto? A friend doubled his last month.
Eriksson 3,email,outbound,1,Attached is the form. Sign where marked and send it back whenever convenient.
Fontaine 3,sms,inbound,11,Should I put the whole cash balance into crypto? A friend doubled his last month.
Galloway 3,email,outbound,14,"Confirming Thursday at 10. Both of you, as you asked."
Galloway 3,email,inbound,2,Should I put the whole cash balance into crypto? A friend doubled his last month.
Haddad 3,email,inbound,7,We've just accepted an offer on the house. Completion is in six weeks.
Ibarra 3,sms,inbound,13,Can we find time next week to talk through the pension?
Jansen 3,email,outbound,6,Following up on our call. I'd suggest we move a year of spending out of cash into the ladder.
Kowalczyk 3,sms,inbound,6,My brother will be handling the paperwork for me from now on. Please send everything to him.
Kowalczyk 3,email,outbound,14,"The fund we discussed will return about 6% a year, which more than covers the gap."
Kowalczyk 3,email,outbound,27,Attached is the form. Sign where marked and send it back whenever convenient.
Lindqvist 3,email,inbound,19,My brother will be handling the paperwork for me from now on. Please send everything to him.
Moreau 3,email,inbound,23,We've just accepted an offer on the house. Completion is in six weeks.
Moreau 3,email,outbound,29,"The fund we discussed will return about 6% a year, which more than covers the gap."
Moreau 3,sms,inbound,25,Should I put the whole cash balance into crypto? A friend doubled his last month.
Nakamura 3,email,outbound,9,"The fund we discussed will return about 6% a year, which more than covers the gap."
Obi 3,email,inbound,21,Can we find time next week to talk through the pension?
Obi 3,email,outbound,8,"The fund we discussed will return about 6% a year, which more than covers the gap."
Petrakis 3,sms,outbound,28,Attached is the form. Sign where marked and send it back whenever convenient.
Quintero 3,email,outbound,29,Attached is the form. Sign where marked and send it back whenever convenient.
Quintero 3,sms,inbound,26,Can we find time next week to talk through the pension?
Rasmussen 3,sms,outbound,1,Attached is the form. Sign where marked and send it back whenever convenient.
Rasmussen 3,email,inbound,18,My brother will be handling the paperwork for me from now on. Please send everything to him.
Rasmussen 3,email,outbound,24,Attached is the form. Sign where marked and send it back whenever convenient.
Sorensen 3,sms,inbound,13,Should I put the whole cash balance into crypto? A friend doubled his last month.
Takahashi 3,email,inbound,16,Should I put the whole cash balance into crypto? A friend doubled his last month.
Takahashi 3,email,inbound,27,This is not what I was told when I opened the account. I'm unhappy with how the fees were explained.
Uzun 3,email,inbound,20,My brother will be handling the paperwork for me from now on. Please send everything to him.
Varga 3,sms,inbound,20,Should I put the whole cash balance into crypto? A friend doubled his last month.
Varga 3,email,outbound,9,Following up on our call. I'd suggest we move a year of spending out of cash into the ladder.
Whitcombe 3,email,inbound,3,This is not what I was told when I opened the account. I'm unhappy with how the fees were explained.
Yilmaz 3,email,inbound,9,Should I put the whole cash balance into crypto? A friend doubled his last month.
Yilmaz 3,sms,inbound,29,Should I put the whole cash balance into crypto? A friend doubled his last month.
Yilmaz 3,email,outbound,15,"Confirming Thursday at 10. Both of you, as you asked."
Zielinski 3,email,inbound,6,Should I put the whole cash balance into crypto? A friend doubled his last month.
Zielinski 3,email,outbound,19,"The fund we discussed will return about 6% a year, which more than covers the gap."
Anand 3,email,outbound,0,"I sit on the advisory board of the sponsor, so I can walk you through the terms myself."
Anand 3,email,outbound,22,"Confirming Thursday at 10. Both of you, as you asked."
Brennan 3,sms,inbound,28,We've just accepted an offer on the house. Completion is in six weeks.
Brennan 3,email,outbound,20,"I sit on the advisory board of the sponsor, so I can walk you through the terms myself."
Castillo 3,email,inbound,3,My brother will be handling the paperwork for me from now on. Please send everything to him.
Castillo 3,email,inbound,16,Can we find time next week to talk through the pension?
Dubois 3,email,outbound,3,"I sit on the advisory board of the sponsor, so I can walk you through the terms myself."
Engel 3,sms,inbound,27,This is not what I was told when I opened the account. I'm unhappy with how the fees were explained.
Farrow 3,email,inbound,14,Can we find time next week to talk through the pension?
Farrow 3,email,inbound,21,Can we find time next week to talk through the pension?
Grieve 3,email,outbound,5,Following up on our call. I'd suggest we move a year of spending out of cash into the ladder.
Holm 3,sms,outbound,19,"Confirming Thursday at 10. Both of you, as you asked."
Holm 3,email,inbound,7,We've just accepted an offer on the house. Completion is in six weeks.
Holm 3,email,inbound,2,This is not what I was told when I opened the account. I'm unhappy with how the fees were explained.
Iversen 3,email,outbound,5,"Confirming Thursday at 10. Both of you, as you asked."
Iversen 3,sms,inbound,10,We've just accepted an offer on the house. Completion is in six weeks.
Iversen 3,email,inbound,6,My brother will be handling the paperwork for me from now on. Please send everything to him.
Jaffe 3,email,inbound,23,Can we find time next week to talk through the pension?
Jaffe 3,email,inbound,17,This is not what I was told when I opened the account. I'm unhappy with how the fees were explained.
Jaffe 3,email,outbound,3,Attached is the form. Sign where marked and send it back whenever convenient.
Kessler 3,email,inbound,17,Can we find time next week to talk through the pension?
Kessler 3,email,inbound,27,My brother will be handling the paperwork for me from now on. Please send everything to him.
Laurent 3,email,inbound,22,Should I put the whole cash balance into crypto? A friend doubled his last month.
Laurent 3,sms,inbound,28,We've just accepted an offer on the house. Completion is in six weeks.
Laurent 3,email,outbound,17,"The fund we discussed will return about 6% a year, which more than covers the gap."
Mbeki 3,sms,inbound,15,My brother will be handling the paperwork for me from now on. Please send everything to him.
Novak 3,sms,outbound,23,Following up on our call. I'd suggest we move a year of spending out of cash into the ladder.
Okoro 3,email,inbound,24,Can we find time next week to talk through the pension?
Adeyemi 4,email,inbound,3,We've just accepted an offer on the house. Completion is in six weeks.
Bakshi 4,sms,inbound,16,This is not what I was told when I opened the account. I'm unhappy with how the fees were explained.
Bakshi 4,sms,outbound,29,Attached is the form. Sign where marked and send it back whenever convenient.
Calloway 4,email,outbound,1,"The fund we discussed will return about 6% a year, which more than covers the gap."
Delacroix 4,email,inbound,12,Can we find time next week to talk through the pension?
Delacroix 4,email,outbound,10,Attached is the form. Sign where marked and send it back whenever convenient.
Delacroix 4,email,outbound,17,"The fund we discussed will return about 6% a year, which more than covers the gap."
Eriksson 4,email,inbound,14,Can we find time next week to talk through the pension?
Eriksson 4,sms,inbound,3,My brother will be handling the paperwork for me from now on. Please send everything to him.
Fontaine 4,sms,outbound,29,"The fund we discussed will return about 6% a year, which more than covers the gap."
Fontaine 4,sms,outbound,7,"I sit on the advisory board of the sponsor, so I can walk you through the terms myself."
Fontaine 4,sms,outbound,28,Following up on our call. I'd suggest we move a year of spending out of cash into the ladder.
Galloway 4,email,outbound,11,Attached is the form. Sign where marked and send it back whenever convenient.
Galloway 4,sms,inbound,24,We've just accepted an offer on the house. Completion is in six weeks.
Galloway 4,email,inbound,5,This is not what I was told when I opened the account. I'm unhappy with how the fees were explained.
Haddad 4,email,outbound,8,Following up on our call. I'd suggest we move a year of spending out of cash into the ladder.
Haddad 4,email,inbound,10,Should I put the whole cash balance into crypto? A friend doubled his last month.
Haddad 4,email,outbound,24,"I sit on the advisory board of the sponsor, so I can walk you through the terms myself."
Ibarra 4,sms,outbound,23,"I sit on the advisory board of the sponsor, so I can walk you through the terms myself."
Jansen 4,email,inbound,19,My brother will be handling the paperwork for me from now on. Please send everything to him.
Jansen 4,email,outbound,4,"I sit on the advisory board of the sponsor, so I can walk you through the terms myself."
Jansen 4,email,outbound,22,Attached is the form. Sign where marked and send it back whenever convenient.
Kowalczyk 4,email,inbound,4,My brother will be handling the paperwork for me from now on. Please send everything to him.
Kowalczyk 4,sms,outbound,14,Following up on our call. I'd suggest we move a year of spending out of cash into the ladder.
Lindqvist 4,email,inbound,23,We've just accepted an offer on the house. Completion is in six weeks.
Lindqvist 4,email,inbound,1,My brother will be handling the paperwork for me from now on. Please send everything to him.
Lindqvist 4,email,inbound,28,Should I put the whole cash balance into crypto? A friend doubled his last month.
Moreau 4,sms,inbound,23,Can we find time next week to talk through the pension?
Moreau 4,email,inbound,8,We've just accepted an offer on the house. Completion is in six weeks.
Moreau 4,email,outbound,17,"The fund we discussed will return about 6% a year, which more than covers the gap."
Nakamura 4,email,outbound,11,Attached is the form. Sign where marked and send it back whenever convenient.
Obi 4,sms,outbound,1,Attached is the form. Sign where marked and send it back whenever convenient.
Obi 4,sms,outbound,13,Attached is the form. Sign where marked and send it back whenever convenient.
Petrakis 4,sms,inbound,15,My brother will be handling the paperwork for me from now on. Please send everything to him.
Petrakis 4,sms,inbound,27,Should I put the whole cash balance into crypto? A friend doubled his last month.
Quintero 4,sms,outbound,22,"Confirming Thursday at 10. Both of you, as you asked."
Quintero 4,email,outbound,13,"The fund we discussed will return about 6% a year, which more than covers the gap."
Quintero 4,sms,outbound,11,Following up on our call. I'd suggest we move a year of spending out of cash into the ladder.
Rasmussen 4,email,inbound,29,We've just accepted an offer on the house. Completion is in six weeks.
Rasmussen 4,email,inbound,26,This is not what I was told when I opened the account. I'm unhappy with how the fees were explained.
Rasmussen 4,email,inbound,6,My brother will be handling the paperwork for me from now on. Please send everything to him.
Sorensen 4,email,outbound,22,Attached is the form. Sign where marked and send it back whenever convenient.
Sorensen 4,email,inbound,15,My brother will be handling the paperwork for me from now on. Please send everything to him.
Takahashi 4,email,inbound,25,We've just accepted an offer on the house. Completion is in six weeks.
Takahashi 4,email,inbound,14,We've just accepted an offer on the house. Completion is in six weeks.
Uzun 4,email,outbound,26,Attached is the form. Sign where marked and send it back whenever convenient.
Uzun 4,email,outbound,9,"Confirming Thursday at 10. Both of you, as you asked."
Uzun 4,sms,inbound,5,Should I put the whole cash balance into crypto? A friend doubled his last month.
Varga 4,email,outbound,12,Attached is the form. Sign where marked and send it back whenever convenient.
Whitcombe 4,email,outbound,16,Attached is the form. Sign where marked and send it back whenever convenient.
Yilmaz 4,email,inbound,6,We've just accepted an offer on the house. Completion is in six weeks.
Yilmaz 4,sms,outbound,27,Following up on our call. I'd suggest we move a year of spending out of cash into the ladder.
Zielinski 4,email,inbound,6,Can we find time next week to talk through the pension?
Zielinski 4,sms,inbound,4,We've just accepted an offer on the house. Completion is in six weeks.
Anand 4,email,inbound,2,Should I put the whole cash balance into crypto? A friend doubled his last month.
Anand 4,email,inbound,9,We've just accepted an offer on the house. Completion is in six weeks.
Brennan 4,email,inbound,2,My brother will be handling the paperwork for me from now on. Please send everything to him.
Brennan 4,email,outbound,1,Attached is the form. Sign where marked and send it back whenever convenient.
Brennan 4,email,outbound,4,Following up on our call. I'd suggest we move a year of spending out of cash into the ladder.
Castillo 4,email,outbound,14,Following up on our call. I'd suggest we move a year of spending out of cash into the ladder.
Dubois 4,email,outbound,29,"Confirming Thursday at 10. Both of you, as you asked."
Dubois 4,sms,inbound,15,Can we find time next week to talk through the pension?
Dubois 4,sms,outbound,29,"Confirming Thursday at 10. Both of you, as you asked."
Engel 4,email,inbound,2,We've just accepted an offer on the house. Completion is in six weeks.
Engel 4,email,inbound,1,My brother will be handling the paperwork for me from now on. Please send everything to him.
Engel 4,sms,inbound,2,We've just accepted an offer on the house. Completion is in six weeks.
Farrow 4,email,outbound,14,"I sit on the advisory board of the sponsor, so I can walk you through the terms myself."
Grieve 4,sms,outbound,27,Attached is the form. Sign where marked and send it back whenever convenient.
Grieve 4,email,outbound,18,Attached is the form. Sign where marked and send it back whenever convenient.
Grieve 4,email,outbound,6,Attached is the form. Sign where marked and send it back whenever convenient.
Holm 4,email,outbound,1,Following up on our call. I'd suggest we move a year of spending out of cash into the ladder.
Holm 4,sms,outbound,12,"I sit on the advisory board of the sponsor, so I can walk you through the terms myself."
Iversen 4,email,inbound,3,We've just accepted an offer on the house. Completion is in six weeks.
Iversen 4,email,inbound,9,My brother will be handling the paperwork for me from now on. Please send everything to him.
Jaffe 4,email,outbound,2,"I sit on the advisory board of the sponsor, so I can walk you through the terms myself."
Jaffe 4,sms,outbound,27,Attached is the form. Sign where marked and send it back whenever convenient.
Kessler 4,sms,inbound,10,Should I put the whole cash balance into crypto? A friend doubled his last month.
Laurent 4,email,outbound,7,Attached is the form. Sign where marked and send it back whenever convenient.
Mbeki 4,sms,outbound,0,"The fund we discussed will return about 6% a year, which more than covers the gap."
Mbeki 4,email,inbound,21,Can we find time next week to talk through the pension?
Mbeki 4,sms,inbound,19,Should I put the whole cash balance into crypto? A friend doubled his last month.
Novak 4,sms,inbound,7,Should I put the whole cash balance into crypto? A friend doubled his last month.
Novak 4,sms,outbound,11,Following up on our call. I'd suggest we move a year of spending out of cash into the ladder.
Novak 4,email,outbound,27,Following up on our call. I'd suggest we move a year of spending out of cash into the ladder.
Okoro 4,email,inbound,2,We've just accepted an offer on the house. Completion is in six weeks.
Okoro 4,email,outbound,21,Attached is the form. Sign where marked and send it back whenever convenient.
Adeyemi 5,email,inbound,20,Can we find time next week to talk through the pension?
Adeyemi 5,sms,outbound,11,"I sit on the advisory board of the sponsor, so I can walk you through the terms myself."
Bakshi 5,email,outbound,6,Following up on our call. I'd suggest we move a year of spending out of cash into the ladder.
Bakshi 5,sms,outbound,25,Following up on our call. I'd suggest we move a year of spending out of cash into the ladder.
Bakshi 5,sms,inbound,8,Should I put the whole cash balance into crypto? A friend doubled his last month.
Calloway 5,email,inbound,19,This is not what I was told when I opened the account. I'm unhappy with how the fees were explained.
Delacroix 5,email,outbound,1,"The fund we discussed will return about 6% a year, which more than covers the gap."
Eriksson 5,sms,outbound,13,Following up on our call. I'd suggest we move a year of spending out of cash into the ladder.
Eriksson 5,email,outbound,11,"The fund we discussed will return about 6% a year, which more than covers the gap."
Fontaine 5,email,inbound,20,Should I put the whole cash balance into crypto? A friend doubled his last month.
Fontaine 5,sms,outbound,16,Attached is the form. Sign where marked and send it back whenever convenient.
Galloway 5,email,inbound,27,Should I put the whole cash balance into crypto? A friend doubled his last month.
Haddad 5,email,outbound,2,Following up on our call. I'd suggest we move a year of spending out of cash into the ladder.
Haddad 5,email,outbound,25,Attached is the form. Sign where marked and send it back whenever convenient.
Ibarra 5,email,outbound,22,Attached is the form. Sign where marked and send it back whenever convenient.
Ibarra 5,email,inbound,26,My brother will be handling the paperwork for me from now on. Please send everything to him.
Ibarra 5,email,inbound,20,Can we find time next week to talk through the pension?
Jansen 5,email,outbound,13,Attached is the form. Sign where marked and send it back whenever convenient.
Kowalczyk 5,email,outbound,11,Attached is the form. Sign where marked and send it back whenever convenient.
Lindqvist 5,sms,outbound,2,Following up on our call. I'd suggest we move a year of spending out of cash into the ladder.
Moreau 5,email,outbound,28,"The fund we discussed will return about 6% a year, which more than covers the gap."
Moreau 5,email,inbound,11,This is not what I was told when I opened the account. I'm unhappy with how the fees were explained.
Moreau 5,email,outbound,6,"The fund we discussed will return about 6% a year, which more than covers the gap."
Nakamura 5,email,outbound,27,Attached is the form. Sign where marked and send it back whenever convenient.
Nakamura 5,sms,inbound,14,We've just accepted an offer on the house. Completion is in six weeks.
Obi 5,sms,inbound,0,We've just accepted an offer on the house. Completion is in six weeks.
Petrakis 5,email,outbound,20,"I sit on the advisory board of the sponsor, so I can walk you through the terms myself."
Petrakis 5,sms,inbound,6,Should I put the whole cash balance into crypto? A friend doubled his last month.
Petrakis 5,sms,inbound,24,Can we find time next week to talk through the pension?
Quintero 5,sms,outbound,13,"The fund we discussed will return about 6% a year, which more than covers the gap."
Rasmussen 5,email,outbound,3,Following up on our call. I'd suggest we move a year of spending out of cash into the ladder.
Sorensen 5,sms,outbound,13,"The fund we discussed will return about 6% a year, which more than covers the gap."
Takahashi 5,email,inbound,1,My brother will be handling the paperwork for me from now on. Please send everything to him.
Takahashi 5,sms,inbound,13,My brother will be handling the paperwork for me from now on. Please send everything to him.
Takahashi 5,sms,outbound,25,Attached is the form. Sign where marked and send it back whenever convenient.
Uzun 5,email,inbound,0,We've just accepted an offer on the house. Completion is in six weeks.
Varga 5,email,inbound,27,This is not what I was told when I opened the account. I'm unhappy with how the fees were explained.
Whitcombe 5,sms,inbound,24,Can we find time next week to talk through the pension?
Whitcombe 5,sms,inbound,7,We've just accepted an offer on the house. Completion is in six weeks.
Yilmaz 5,sms,inbound,7,My brother will be handling the paperwork for me from now on. Please send everything to him.
Yilmaz 5,email,inbound,0,Can we find time next week to talk through the pension?
Yilmaz 5,email,outbound,29,Attached is the form. Sign where marked and send it back whenever convenient.
Zielinski 5,sms,outbound,25,Following up on our call. I'd suggest we move a year of spending out of cash into the ladder.
Zielinski 5,email,outbound,12,Following up on our call. I'd suggest we move a year of spending out of cash into the ladder.
Zielinski 5,email,inbound,12,We've just accepted an offer on the house. Completion is in six weeks.
Anand 5,email,outbound,18,"I sit on the advisory board of the sponsor, so I can walk you through the terms myself."
Brennan 5,sms,inbound,3,My brother will be handling the paperwork for me from now on. Please send everything to him.
Castillo 5,email,outbound,10,Attached is the form. Sign where marked and send it back whenever convenient.
Castillo 5,email,inbound,11,This is not what I was told when I opened the account. I'm unhappy with how the fees were explained.
Dubois 5,sms,outbound,20,"I sit on the advisory board of the sponsor, so I can walk you through the terms myself."
Dubois 5,email,inbound,23,Can we find time next week to talk through the pension?
Dubois 5,sms,outbound,26,"The fund we discussed will return about 6% a year, which more than covers the gap."
Engel 5,sms,outbound,19,Following up on our call. I'd suggest we move a year of spending out of cash into the ladder.
Engel 5,email,inbound,20,My brother will be handling the paperwork for me from now on. Please send everything to him.
Farrow 5,email,inbound,7,My brother will be handling the paperwork for me from now on. Please send everything to him.
Farrow 5,sms,inbound,28,My brother will be handling the paperwork for me from now on. Please send everything to him.
Grieve 5,email,outbound,15,Following up on our call. I'd suggest we move a year of spending out of cash into the ladder.
Grieve 5,email,outbound,26,Attached is the form. Sign where marked and send it back whenever convenient.
Grieve 5,email,inbound,5,Should I put the whole cash balance into crypto? A friend doubled his last month.
Holm 5,email,outbound,11,"Confirming Thursday at 10. Both of you, as you asked."
Holm 5,email,outbound,29,"I sit on the advisory board of the sponsor, so I can walk you through the terms myself."
Holm 5,sms,inbound,16,This is not what I was told when I opened the account. I'm unhappy with how the fees were explained.
Iversen 5,email,outbound,6,"Confirming Thursday at 10. Both of you, as you asked."
Jaffe 5,sms,inbound,8,Should I put the whole cash balance into crypto? A friend doubled his last month.
Jaffe 5,email,outbound,13,Attached is the form. Sign where marked and send it back whenever convenient.
Jaffe 5,email,outbound,29,Following up on our call. I'd suggest we move a year of spending out of cash into the ladder.
Kessler 5,email,outbound,0,"The fund we discussed will return about 6% a year, which more than covers the gap."
Kessler 5,email,outbound,14,Attached is the form. Sign where marked and send it back whenever convenient.
Kessler 5,email,outbound,6,"Confirming Thursday at 10. Both of you, as you asked."
Laurent 5,email,outbound,8,"I sit on the advisory board of the sponsor, so I can walk you through the terms myself."
Laurent 5,sms,inbound,9,Can we find time next week to talk through the pension?
Laurent 5,sms,outbound,29,Following up on our call. I'd suggest we move a year of spending out of cash into the ladder.
Mbeki 5,sms,inbound,11,We've just accepted an offer on the house. Completion is in six weeks.
Novak 5,sms,inbound,23,My brother will be handling the paperwork for me from now on. Please send everything to him.
Novak 5,email,outbound,23,"I sit on the advisory board of the sponsor, so I can walk you through the terms myself."
Novak 5,sms,outbound,14,Following up on our call. I'd suggest we move a year of spending out of cash into the ladder.
Okoro 5,sms,inbound,7,Can we find time next week to talk through the pension?
Adeyemi 6,email,outbound,26,Following up on our call. I'd suggest we move a year of spending out of cash into the ladder.
Bakshi 6,email,inbound,17,Can we find time next week to talk through the pension?
Calloway 6,sms,outbound,25,"Confirming Thursday at 10. Both of you, as you asked."
Calloway 6,email,inbound,11,This is not what I was told when I opened the account. I'm unhappy with how the fees were explained.
Calloway 6,email,outbound,1,"The fund we discussed will return about 6% a year, which more than covers the gap."
Delacroix 6,email,inbound,24,Should I put the whole cash balance into crypto? A friend doubled his last month.
Delacroix 6,sms,outbound,5,"I sit on the advisory board of the sponsor, so I can walk you through the terms myself."
Delacroix 6,sms,outbound,8,"I sit on the advisory board of the sponsor, so I can walk you through the terms myself."
Eriksson 6,sms,outbound,21,"Confirming Thursday at 10. Both of you, as you asked."
Eriksson 6,sms,inbound,24,Can we find time next week to talk through the pension?
Fontaine 6,email,inbound,15,Can we find time next week to talk through the pension?
Fontaine 6,email,outbound,6,"I sit on the advisory board of the sponsor, so I can walk you through the terms myself."
Fontaine 6,email,outbound,9,Following up on our call. I'd suggest we move a year of spending out of cash into the ladder.
Galloway 6,sms,outbound,26,Following up on our call. I'd suggest we move a year of spending out of cash into the ladder.
Galloway 6,email,outbound,29,Following up on our call. I'd suggest we move a year of spending out of cash into the ladder.
Haddad 6,email,outbound,26,"I sit on the advisory board of the sponsor, so I can walk you through the terms myself."
Haddad 6,email,inbound,13,Can we find time next week to talk through the pension?
Ibarra 6,sms,inbound,0,This is not what I was told when I opened the account. I'm unhappy with how the fees were explained.
Ibarra 6,email,outbound,25,"I sit on the advisory board of the sponsor, so I can walk you through the terms myself."
Ibarra 6,sms,inbound,26,Should I put the whole cash balance into crypto? A friend doubled his last month.
Jansen 6,email,inbound,15,Can we find time next week to talk through the pension?
Jansen 6,email,outbound,29,"Confirming Thursday at 10. Both of you, as you asked."
Kowalczyk 6,email,inbound,10,Can we find time next week to talk through the pension?
Kowalczyk 6,sms,outbound,13,"The fund we discussed will return about 6% a year, which more than covers the gap."
Lindqvist 6,email,outbound,5,Following up on our call. I'd suggest we move a year of spending out of cash into the ladder.
Moreau 6,sms,inbound,3,We've just accepted an offer on the house. Completion is in six weeks.
Nakamura 6,email,inbound,25,This is not what I was told when I opened the account. I'm unhappy with how the fees were explained.
Nakamura 6,email,inbound,8,We've just accepted an offer on the house. Completion is in six weeks.
Obi 6,email,outbound,3,"Confirming Thursday at 10. Both of you, as you asked."
Petrakis 6,email,outbound,0,Attached is the form. Sign where marked and send it back whenever convenient.
Petrakis 6,sms,outbound,19,"I sit on the advisory board of the sponsor, so I can walk you through the terms myself."
Quintero 6,sms,inbound,2,We've just accepted an offer on the house. Completion is in six weeks.
Quintero 6,sms,outbound,19,Following up on our call. I'd suggest we move a year of spending out of cash into the ladder.
Rasmussen 6,email,inbound,12,This is not what I was told when I opened the account. I'm unhappy with how the fees were explained.
Rasmussen 6,sms,inbound,6,Should I put the whole cash balance into crypto? A friend doubled his last month.
Sorensen 6,sms,outbound,2,"I sit on the advisory board of the sponsor, so I can walk you through the terms myself."
Sorensen 6,sms,inbound,13,Can we find time next week to talk through the pension?
Takahashi 6,email,inbound,12,My brother will be handling the paperwork for me from now on. Please send everything to him.
Takahashi 6,email,outbound,18,Following up on our call. I'd suggest we move a year of spending out of cash into the ladder.
Uzun 6,email,outbound,14,Attached is the form. Sign where marked and send it back whenever convenient.
Uzun 6,email,outbound,4,"I sit on the advisory board of the sponsor, so I can walk you through the terms myself."
Varga 6,email,outbound,15,"The fund we discussed will return about 6% a year, which more than covers the gap."
Varga 6,email,inbound,2,This is not what I was told when I opened the account. I'm unhappy with how the fees were explained.
Varga 6,sms,inbound,14,Can we find time next week to talk through the pension?
Whitcombe 6,email,inbound,23,My brother will be handling the paperwork for me from now on. Please send everything to him.
Whitcombe 6,email,inbound,29,My brother will be handling the paperwork for me from now on. Please send everything to him.
Whitcombe 6,sms,inbound,24,This is not what I was told when I opened the account. I'm unhappy with how the fees were explained.
Yilmaz 6,email,outbound,1,Following up on our call. I'd suggest we move a year of spending out of cash into the ladder.
Yilmaz 6,email,outbound,1,"I sit on the advisory board of the sponsor, so I can walk you through the terms myself."
Zielinski 6,email,outbound,5,Following up on our call. I'd suggest we move a year of spending out of cash into the ladder.
Zielinski 6,email,outbound,4,"The fund we discussed will return about 6% a year, which more than covers the gap."
Anand 6,email,inbound,6,We've just accepted an offer on the house. Completion is in six weeks.
Anand 6,sms,inbound,22,We've just accepted an offer on the house. Completion is in six weeks.
Brennan 6,sms,outbound,24,"Confirming Thursday at 10. Both of you, as you asked."
Castillo 6,email,inbound,27,Should I put the whole cash balance into crypto? A friend doubled his last month.
Castillo 6,email,inbound,28,My brother will be handling the paperwork for me from now on. Please send everything to him.
Castillo 6,email,inbound,18,My brother will be handling the paperwork for me from now on. Please send everything to him.
Dubois 6,sms,inbound,2,My brother will be handling the paperwork for me from now on. Please send everything to him.
Engel 6,sms,inbound,11,This is not what I was told when I opened the account. I'm unhappy with how the fees were explained.
Engel 6,sms,inbound,19,My brother will be handling the paperwork for me from now on. Please send everything to him.
Engel 6,email,inbound,19,Can we find time next week to talk through the pension?
Farrow 6,email,inbound,21,My brother will be handling the paperwork for me from now on. Please send everything to him.
Farrow 6,email,inbound,23,Should I put the whole cash balance into crypto? A friend doubled his last month.
Farrow 6,email,inbound,20,This is not what I was told when I opened the account. I'm unhappy with how the fees were explained.
Grieve 6,email,inbound,19,This is not what I was told when I opened the account. I'm unhappy with how the fees were explained.
Holm 6,sms,outbound,5,"I sit on the advisory board of the sponsor, so I can walk you through the terms myself."
Holm 6,email,inbound,26,My brother will be handling the paperwork for me from now on. Please send everything to him.
Iversen 6,email,inbound,14,Should I put the whole cash balance into crypto? A friend doubled his last month.
Iversen 6,email,outbound,23,Following up on our call. I'd suggest we move a year of spending out of cash into the ladder.
Jaffe 6,email,inbound,5,Should I put the whole cash balance into crypto? A friend doubled his last month.
Jaffe 6,email,inbound,5,Can we find time next week to talk through the pension?
Kessler 6,email,outbound,18,"I sit on the advisory board of the sponsor, so I can walk you through the terms myself."
Kessler 6,email,outbound,26,Attached is the form. Sign where marked and send it back whenever convenient.
Laurent 6,email,inbound,20,Can we find time next week to talk through the pension?
Laurent 6,sms,outbound,16,"I sit on the advisory board of the sponsor, so I can walk you through the terms myself."
Mbeki 6,email,outbound,24,"The fund we discussed will return about 6% a year, which more than covers the gap."
Novak 6,email,outbound,5,"Confirming Thursday at 10. Both of you, as you asked."
Novak 6,email,outbound,14,"The fund we discussed will return about 6% a year, which more than covers the gap."
Novak 6,email,outbound,15,"Confirming Thursday at 10. Both of you, as you asked."
Okoro 6,email,inbound,15,Can we find time next week to talk through the pension?
Adeyemi 7,email,outbound,20,"The fund we discussed will return about 6% a year, which more than covers the gap."
Adeyemi 7,sms,inbound,20,My brother will be handling the paperwork for me from now on. Please send everything to him.
Adeyemi 7,email,outbound,26,"I sit on the advisory board of the sponsor, so I can walk you through the terms myself."
Bakshi 7,sms,outbound,17,Attached is the form. Sign where marked and send it back whenever convenient.
Bakshi 7,email,outbound,22,Attached is the form. Sign where marked and send it back whenever convenient.
Calloway 7,sms,outbound,27,"The fund we discussed will return about 6% a year, which more than covers the gap."
Calloway 7,sms,inbound,20,This is not what I was told when I opened the account. I'm unhappy with how the fees were explained.
Delacroix 7,email,inbound,28,My brother will be handling the paperwork for me from now on. Please send everything to him.
Delacroix 7,email,inbound,17,This is not what I was told when I opened the account. I'm unhappy with how the fees were explained.
Eriksson 7,email,inbound,4,This is not what I was told when I opened the account. I'm unhappy with how the fees were explained.
Eriksson 7,email,inbound,3,Should I put the whole cash balance into crypto? A friend doubled his last month.
Eriksson 7,email,outbound,28,"I sit on the advisory board of the sponsor, so I can walk you through the terms myself."
Fontaine 7,email,inbound,1,Can we find time next week to talk through the pension?
Fontaine 7,email,inbound,15,We've just accepted an offer on the house. Completion is in six weeks.
Galloway 7,sms,outbound,3,"I sit on the advisory board of the sponsor, so I can walk you through the terms myself."
Galloway 7,email,outbound,0,Attached is the form. Sign where marked and send it back whenever convenient.
Galloway 7,email,outbound,20,"Confirming Thursday at 10. Both of you, as you asked."
Haddad 7,email,inbound,28,We've just accepted an offer on the house. Completion is in six weeks.
Haddad 7,email,outbound,22,"Confirming Thursday at 10. Both of you, as you asked."
Ibarra 7,sms,outbound,10,Following up on our call. I'd suggest we move a year of spending out of cash into the ladder.
Jansen 7,email,outbound,17,"Confirming Thursday at 10. Both of you, as you asked."
Jansen 7,sms,outbound,5,Attached is the form. Sign where marked and send it back whenever convenient.
Jansen 7,email,inbound,26,Can we find time next week to talk through the pension?
Kowalczyk 7,email,outbound,10,Attached is the form. Sign where marked and send it back whenever convenient.
Kowalczyk 7,email,outbound,13,Following up on our call. I'd suggest we move a year of spending out of cash into the ladder.
Lindqvist 7,sms,inbound,8,This is not what I was told when I opened the account. I'm unhappy with how the fees were explained.
Moreau 7,sms,outbound,20,"The fund we discussed will return about 6% a year, which more than covers the gap."
Nakamura 7,email,inbound,23,This is not what I was told when I opened the account. I'm unhappy with how the fees were explained.
Nakamura 7,email,inbound,14,This is not what I was told when I opened the account. I'm unhappy with how the fees were explained.
Obi 7,email,outbound,7,Following up on our call. I'd suggest we move a year of spending out of cash into the ladder.
Petrakis 7,email,inbound,15,My brother will be handling the paperwork for me from now on. Please send everything to him.
Quintero 7,email,outbound,6,Following up on our call. I'd suggest we move a year of spending out of cash into the ladder.
Quintero 7,email,inbound,29,My brother will be handling the paperwork for me from now on. Please send everything to him.
Quintero 7,email,outbound,3,Following up on our call. I'd suggest we move a year of spending out of cash into the ladder.
Rasmussen 7,email,inbound,23,Should I put the whole cash balance into crypto? A friend doubled his last month.
Rasmussen 7,email,outbound,18,Following up on our call. I'd suggest we move a year of spending out of cash into the ladder.
Rasmussen 7,email,outbound,25,Attached is the form. Sign where marked and send it back whenever convenient.
Sorensen 7,sms,inbound,1,Can we find time next week to talk through the pension?
Sorensen 7,email,inbound,21,This is not what I was told when I opened the account. I'm unhappy with how the fees were explained.
Takahashi 7,email,outbound,17,"The fund we discussed will return about 6% a year, which more than covers the gap."
Uzun 7,email,outbound,20,"Confirming Thursday at 10. Both of you, as you asked."
Uzun 7,email,outbound,18,Attached is the form. Sign where marked and send it back whenever convenient.
Uzun 7,email,outbound,10,Attached is the form. Sign where marked and send it back whenever convenient.
Varga 7,sms,inbound,17,Should I put the whole cash balance into crypto? A friend doubled his last month.
Varga 7,email,outbound,5,"Confirming Thursday at 10. Both of you, as you asked."
Whitcombe 7,email,inbound,16,Can we find time next week to talk through the pension?
Yilmaz 7,email,outbound,22,Following up on our call. I'd suggest we move a year of spending out of cash into the ladder.
Yilmaz 7,sms,inbound,1,Can we find time next week to talk through the pension?
Zielinski 7,email,outbound,8,"The fund we discussed will return about 6% a year, which more than covers the gap."
Zielinski 7,sms,inbound,0,My brother will be handling the paperwork for me from now on. Please send everything to him.
Anand 7,email,inbound,29,We've just accepted an offer on the house. Completion is in six weeks.
Brennan 7,email,inbound,4,My brother will be handling the paperwork for me from now on. Please send everything to him.
Brennan 7,email,inbound,9,We've just accepted an offer on the house. Completion is in six weeks.
Brennan 7,sms,outbound,2,"I sit on the advisory board of the sponsor, so I can walk you through the terms myself."
Castillo 7,email,outbound,20,Attached is the form. Sign where marked and send it back whenever convenient.
Castillo 7,email,inbound,0,Can we find time next week to talk through the pension?
Dubois 7,email,inbound,24,We've just accepted an offer on the house. Completion is in six weeks.
Dubois 7,sms,inbound,9,Can we find time next week to talk through the pension?
Dubois 7,email,outbound,5,Following up on our call. I'd suggest we move a year of spending out of cash into the ladder.
Engel 7,email,inbound,21,This is not what I was told when I opened the account. I'm unhappy with how the fees were explained.
Farrow 7,email,inbound,25,Should I put the whole cash balance into crypto? A friend doubled his last month.
Farrow 7,email,inbound,17,We've just accepted an offer on the house. Completion is in six weeks.
Farrow 7,sms,inbound,14,Should I put the whole cash balance into crypto? A friend doubled his last month.
Grieve 7,email,inbound,3,My brother will be handling the paperwork for me from now on. Please send everything to him.
Grieve 7,email,inbound,23,My brother will be handling the paperwork for me from now on. Please send everything to him.
Holm 7,email,inbound,4,Should I put the whole cash balance into crypto? A friend doubled his last month.
Holm 7,sms,outbound,11,"I sit on the advisory board of the sponsor, so I can walk you through the terms myself."
Iversen 7,email,inbound,11,Can we find time next week to talk through the pension?
Jaffe 7,email,inbound,14,Should I put the whole cash balance into crypto? A friend doubled his last month.
Jaffe 7,email,outbound,9,"I sit on the advisory board of the sponsor, so I can walk you through the terms myself."
Kessler 7,email,outbound,26,Following up on our call. I'd suggest we move a year of spending out of cash into the ladder.
Kessler 7,sms,outbound,6,Following up on our call. I'd suggest we move a year of spending out of cash into the ladder.
Laurent 7,email,outbound,25,Attached is the form. Sign where marked and send it back whenever convenient.
Laurent 7,email,inbound,12,Should I put the whole cash balance into crypto? A friend doubled his last month.
Mbeki 7,email,inbound,18,This is not what I was told when I opened the account. I'm unhappy with how the fees were explained.
Mbeki 7,email,inbound,10,My brother will be handling the paperwork for me from now on. Please send everything to him.
Novak 7,sms,inbound,22,Should I put the whole cash balance into crypto? A friend doubled his last month.
Okoro 7,sms,outbound,3,"I sit on the advisory board of the sponsor, so I can walk you through the terms myself."
Adeyemi 8,email,inbound,8,Should I put the whole cash balance into crypto? A friend doubled his last month.
Adeyemi 8,email,outbound,0,"Confirming Thursday at 10. Both of you, as you asked."
Bakshi 8,email,outbound,10,"Confirming Thursday at 10. Both of you, as you asked."
Calloway 8,email,inbound,1,Should I put the whole cash balance into crypto? A friend doubled his last month.
Delacroix 8,email,outbound,7,"The fund we discussed will return about 6% a year, which more than covers the gap."
Eriksson 8,email,outbound,26,"Confirming Thursday at 10. Both of you, as you asked."
Eriksson 8,email,inbound,22,This is not what I was told when I opened the account. I'm unhappy with how the fees were explained.
Fontaine 8,email,inbound,12,My brother will be handling the paperwork for me from now on. Please send everything to him.
Fontaine 8,sms,outbound,11,"The fund we discussed will return about 6% a year, which more than covers the gap."
Fontaine 8,email,outbound,27,Attached is the form. Sign where marked and send it back whenever convenient.
Galloway 8,email,inbound,3,My brother will be handling the paperwork for me from now on. Please send everything to him.
Haddad 8,email,outbound,1,"The fund we discussed will return about 6% a year, which more than covers the gap."
Haddad 8,email,outbound,3,"I sit on the advisory board of the sponsor, so I can walk you through the terms myself."
Ibarra 8,email,inbound,5,We've just accepted an offer on the house. Completion is in six weeks.
Ibarra 8,email,outbound,15,"Confirming Thursday at 10. Both of you, as you asked."
Ibarra 8,sms,outbound,9,"I sit on the advisory board of the sponsor, so I can walk you through the terms myself."
Jansen 8,sms,inbound,9,We've just accepted an offer on the house. Completion is in six weeks.
Jansen 8,email,inbound,17,This is not what I was told when I opened the account. I'm unhappy with how the fees were explained.
Jansen 8,email,outbound,2,"The fund we discussed will return about 6% a year, which more than covers the gap."
Kowalczyk 8,email,outbound,12,Attached is the form. Sign where marked and send it back whenever convenient.
Lindqvist 8,sms,inbound,22,This is not what I was told when I opened the account. I'm unhappy with how the fees were explained.
Lindqvist 8,email,outbound,24,Attached is the form. Sign where marked and send it back whenever convenient.
Lindqvist 8,email,inbound,28,Should I put the whole cash balance into crypto? A friend doubled his last month.
Moreau 8,email,inbound,10,We've just accepted an offer on the house. Completion is in six weeks.
Moreau 8,sms,outbound,8,Attached is the form. Sign where marked and send it back whenever convenient.
Nakamura 8,email,outbound,19,"The fund we discussed will return about 6% a year, which more than covers the gap."
Obi 8,email,outbound,26,Attached is the form. Sign where marked and send it back whenever convenient.
Obi 8,sms,inbound,0,Can we find time next week to talk through the pension?
Obi 8,email,inbound,4,We've just accepted an offer on the house. Completion is in six weeks.
Petrakis 8,email,outbound,1,"The fund we discussed will return about 6% a year, which more than covers the gap."
Petrakis 8,email,inbound,22,Can we find time next week to talk through the pension?
Petrakis 8,email,outbound,9,Following up on our call. I'd suggest we move a year of spending out of cash into the ladder.
Quintero 8,email,outbound,5,"I sit on the advisory board of the sponsor, so I can walk you through the terms myself."
Quintero 8,email,inbound,22,This is not what I was told when I opened the account. I'm unhappy with how the fees were explained.
Rasmussen 8,email,inbound,2,This is not what I was told when I opened the account. I'm unhappy with how the fees were explained.
Sorensen 8,email,outbound,1,"Confirming Thursday at 10. Both of you, as you asked."
Takahashi 8,email,inbound,0,This is not what I was told when I opened the account. I'm unhappy with how the fees were explained.
Takahashi 8,email,inbound,12,Can we find time next week to talk through the pension?
